87910026500,0.03775,0.00554,0.09574,0.08556,0.99365,-0.01722,0.07095,-0.00713,-0.01057,0.06347,
87990550500,0.06166,0.00668,0.18279,0.10633,0.98906,-0.02359,0.09949,-0.01412,-0.01960,0.09411,
99203924500,0.02152,0.04515,0.32006,0.10974,0.98129,-0.01400,0.15755,-0.05146,0.02402,0.17349,
118633564500,0.04331,-0.00258,0.06300,0.25569,0.95231,0.02096,-0.16517,0.04996,-0.03083,0.01204,
120261532500,0.06230,-0.02058,0.13657,-0.00977,0.99941,-0.03003,-0.01378,-0.10398,0.07676,0.11700,
120359549500,0.13421,-0.01914,0.20335,-0.03359,0.99851,-0.03383,0.02655,-0.16061,0.10711,0.15310,
120434623500,0.14710,-0.01987,0.21904,-0.03148,0.99843,-0.03524,0.03015,-0.22113,0.13250,0.14889,
120535535500,0.13483,-0.00386,0.26298,-0.03768,0.99817,-0.04018,0.02493,-0.31955,0.18803,0.15447,
121861400500,0.02259,-0.02464,0.01136,0.03472,0.99797,-0.01175,-0.05203,-0.05710,-0.02126,0.07155,
121984413500,0.00379,-0.00792,-0.02106,0.03221,0.99807,-0.01637,-0.05055,-0.11925,-0.01554,0.04847,
122061554500,0.00386,-0.01316,-0.03481,0.03022,0.99805,-0.01702,-0.05191,-0.11391,-0.02758,0.03377,
122153328500,-0.01710,0.01495,-0.07841,0.03012,0.99727,-0.02329,-0.06328,-0.15598,0.03484,-0.00432,
122261590500,-0.04030,0.02901,-0.08875,0.00518,0.99771,-0.02921,-0.06080,-0.17589,0.04473,-0.00022,
122336990500,-0.05067,0.03840,-0.09742,-0.00473,0.99741,-0.03228,-0.06418,-0.18773,0.05793,-0.01501,
122443355500,-0.06681,0.05029,-0.11015,-0.01841,0.99726,-0.02983,-0.06519,-0.21623,0.07684,-0.05679,
122654413500,-0.11463,0.07606,-0.12858,-0.02935,0.99755,-0.01046,-0.06271,-0.28749,0.13246,-0.06626,
122719920500,-0.13025,0.09093,-0.13247,-0.04807,0.99758,-0.00632,-0.04986,-0.31183,0.15142,-0.05851,
122817860500,-0.16464,0.10841,-0.13607,-0.05162,0.99844,0.00324,-0.02106,-0.38996,0.16261,-0.03198,
122921160500,-0.20307,0.13219,-0.13415,-0.05045,0.99856,0.01239,0.01307,-0.48778,0.16428,0.01227,
123025242500,-0.21604,0.18518,-0.13778,-0.06178,0.99730,0.01977,0.03454,-0.55205,0.20311,0.03138,
123135587500,-0.27779,0.23555,-0.13179,-0.05815,0.99633,0.02970,0.05533,-0.72614,0.22771,0.07643,
123209377500,-0.32271,0.27104,-0.12540,-0.05304,0.99539,0.03397,0.07237,-0.82279,0.25523,0.11112,
123311359500,-0.38732,0.31160,-0.11337,-0.04813,0.99363,0.03665,0.09503,-0.94416,0.28487,0.16402,
125685629500,0.14345,0.03696,0.01066,0.03625,0.99181,-0.03498,-0.11736,-0.14341,0.02546,-0.06648,
125765536500,0.28052,0.04980,-0.05797,0.02177,0.99227,-0.03219,-0.11784,0.01007,0.08036,-0.11442,
125867418500,0.33161,0.04585,-0.07117,0.01604,0.99230,-0.02864,-0.11943,0.02787,0.06789,-0.12367,
125971833500,0.50298,0.03249,-0.10353,0.01931,0.99362,-0.02386,-0.10855,0.11586,0.01308,-0.14632,
126097063500,0.55686,0.04217,-0.12075,0.04549,0.99377,-0.02001,-0.09971,0.10573,-0.01619,-0.16195,
126176314500,0.59759,0.04779,-0.13112,0.05872,0.99321,-0.01843,-0.09869,0.05248,-0.03784,-0.14987,
126264058500,0.62478,-0.03240,-0.12869,0.06119,0.99227,-0.02018,-0.10602,0.01093,-0.11099,-0.12388,
126335335500,0.58698,-0.02010,-0.11456,0.04252,0.99470,-0.02610,-0.08989,0.01684,-0.05574,-0.11765,
126437405500,0.50135,0.00677,-0.07490,0.03883,0.99708,-0.03066,-0.05818,-0.04798,-0.00396,-0.08443,
126546317500,0.41927,0.03426,-0.05160,0.04607,0.99813,-0.03285,-0.02325,-0.13152,0.04880,-0.07834,
126647407500,0.39211,0.04688,-0.02463,0.07904,0.99623,-0.03316,0.01327,-0.17556,0.08916,-0.06338,
126758347500,0.37396,0.05620,-0.02923,0.10560,0.99385,-0.02943,0.01568,-0.21177,0.10504,-0.04610,
126835312500,0.37401,0.05633,-0.03948,0.12994,0.99118,-0.02572,0.00278,-0.19983,0.09903,-0.03919,
126945081500,0.34608,0.07210,-0.05336,0.15051,0.98847,-0.01663,-0.00194,-0.25191,0.12815,-0.01988,
127011773500,0.33243,0.07875,-0.06294,0.16720,0.98583,-0.01133,-0.00774,-0.25946,0.13945,-0.01501,
127119909500,0.29623,0.09852,-0.07445,0.17327,0.98470,-0.00226,-0.01839,-0.30864,0.18042,-0.01424,
130448502500,0.15514,0.02112,-0.02521,0.10404,0.99389,-0.02746,0.02456,-0.04572,-0.00598,0.00552,
130525791500,0.24147,0.00508,-0.00521,0.10111,0.99260,-0.03342,0.05827,0.04639,-0.03332,0.04078,
130653830500,0.29724,0.00082,0.00785,0.10463,0.99254,-0.03333,0.05305,0.07121,-0.03473,0.05071,
130756571500,0.32018,0.00208,0.01204,0.12106,0.99107,-0.03498,0.04349,0.10785,-0.02049,0.03941,
130814522500,0.31809,0.01055,0.00874,0.13431,0.98932,-0.03544,0.04428,0.06971,-0.01140,0.02070,
130930284500,0.31085,0.01231,0.00729,0.12753,0.99050,-0.03422,0.03827,0.04785,0.01029,-0.01344,
131002769500,0.25905,-0.00938,-0.00166,0.09799,0.99427,-0.03009,0.03040,-0.04095,-0.03266,-0.02786,
131100354500,0.24449,0.00407,-0.00260,0.09895,0.99398,-0.03128,0.03521,-0.01375,0.01312,-0.03112,
131216625500,0.24362,0.00253,0.00222,0.09724,0.99333,-0.03286,0.05246,-0.00755,0.00549,-0.01512,
131323599500,0.23986,0.00672,0.00005,0.09927,0.99253,-0.03067,0.06402,-0.04045,0.01371,-0.00795,
131396263500,0.27926,0.02870,-0.00077,0.09765,0.99262,-0.02984,0.06535,0.00182,0.07620,-0.00123,
131505606500,0.32382,0.02205,0.00289,0.10780,0.99202,-0.02939,0.05843,0.07068,0.06215,0.01273,
131609610500,0.34002,0.02670,0.00404,0.12754,0.99005,-0.02944,0.05159,0.08630,0.06051,0.02830,
131679594500,0.35365,0.01416,0.00473,0.13264,0.99014,-0.02709,0.03603,0.09976,0.02485,0.05209,
131780277500,0.33594,0.00928,0.00485,0.12267,0.99163,-0.02510,0.03138,0.03984,0.00494,0.05825,
131859606500,0.32418,0.01627,0.00662,0.11050,0.99299,-0.02340,0.03478,-0.01282,0.03083,0.08918,
131984392500,0.39307,-0.02089,0.02764,0.12617,0.99105,-0.02562,0.03522,0.12157,-0.03880,0.11659,
132092567500,0.42111,-0.03211,0.04304,0.12524,0.99124,-0.02466,0.03378,0.13289,-0.04084,0.13218,
132170224500,0.41868,-0.02600,0.05047,0.12207,0.99154,-0.02287,0.03783,0.09634,-0.01402,0.13525,
132268358500,0.41534,-0.02164,0.06383,0.12168,0.99158,-0.01937,0.03979,0.06251,0.00500,0.15918,
132390858500,0.39307,-0.00008,0.08091,0.12525,0.99097,-0.01725,0.04467,-0.00608,0.04314,0.16501,
132438568500,0.39684,0.00371,0.07713,0.12389,0.99095,-0.01803,0.04832,-0.00836,0.04948,0.15547,
132541311500,0.40781,0.00123,0.09569,0.11561,0.99244,-0.01730,0.03725,-0.00253,0.02329,0.16498,
132650263500,0.42863,-0.00732,0.11857,0.11050,0.99333,-0.01728,0.02805,0.03736,-0.02328,0.17366,
132728821500,0.43268,-0.00797,0.13175,0.11324,0.99299,-0.01708,0.02927,0.04302,-0.03713,0.17480,
132833993500,0.43218,-0.01050,0.14890,0.11727,0.99238,-0.01710,0.03382,0.04385,-0.04448,0.17949,
132931602500,0.43759,-0.01504,0.16769,0.11903,0.99210,-0.01527,0.03657,0.03763,-0.06159,0.18219,
133022762500,0.44457,-0.02133,0.18117,0.11623,0.99245,-0.01377,0.03674,0.04168,-0.08044,0.18259,
133126624500,0.45910,-0.03594,0.20585,0.11412,0.99279,-0.01177,0.03462,0.05826,-0.11843,0.19671,
133209584500,0.48187,-0.09730,0.21766,0.10788,0.99328,-0.01095,0.04040,0.07527,-0.23548,0.19461,
133315032500,0.49522,-0.15028,0.23771,0.09604,0.99464,-0.00898,0.03715,0.07401,-0.33383,0.20949,
133419046500,0.50778,-0.19871,0.25677,0.08755,0.99547,-0.00747,0.03634,0.07899,-0.42778,0.22201,
133506209500,0.51920,-0.24526,0.28250,0.08434,0.99574,-0.00759,0.03645,0.08074,-0.51201,0.24622,
133579250500,0.53344,-0.27399,0.27747,0.08162,0.99593,-0.00328,0.03803,0.08947,-0.55920,0.23900,
133677659500,0.55172,-0.38284,0.31258,0.07029,0.99709,-0.00335,0.02929,0.09979,-0.73133,0.25075,
133779433500,0.55601,-0.42943,0.33517,0.06495,0.99744,-0.00341,0.02959,0.10473,-0.80789,0.26121,
133877082500,0.55656,-0.48971,0.36482,0.05993,0.99772,-0.00483,0.03053,0.09914,-0.89082,0.27661,
133981005500,0.55520,-0.56871,0.39776,0.05636,0.99780,-0.00763,0.03397,0.09808,-1.00173,0.28510,
134086879500,0.55497,-0.65052,0.42471,0.05513,0.99779,-0.00982,0.03567,0.09532,-1.11080,0.28600,
134175019500,0.55001,-0.71076,0.45198,0.05369,0.99778,-0.00961,0.03816,0.07337,-1.18499,0.28675,
134279262500,0.55455,-0.76393,0.47103,0.05424,0.99774,-0.00665,0.03905,0.06695,-1.22114,0.28792,
134390373500,0.54943,-0.80569,0.51443,0.05816,0.99714,-0.00120,0.04827,0.04835,-1.22865,0.29251,
134470946500,0.55689,-0.87788,0.52863,0.04636,0.99802,0.00174,0.04256,0.04997,-1.32383,0.28281,
134531996500,0.56235,-0.86936,0.54821,0.04546,0.99799,0.00595,0.04364,0.05747,-1.30871,0.28550,
134645267500,0.57450,-0.88259,0.55605,0.04797,0.99772,0.01049,0.04638,0.05178,-1.30328,0.27798,
134722854500,0.58295,-0.96018,0.58190,0.04297,0.99789,0.01477,0.04628,0.06535,-1.39727,0.26757,
134819234500,0.59811,-0.96911,0.61259,0.04085,0.99774,0.02028,0.04925,0.07925,-1.40355,0.27090,
134944261500,0.61746,-1.11700,0.63613,0.02756,0.99827,0.02592,0.04494,0.08628,-1.60378,0.26421,
135015568500,0.64336,-1.11148,0.65957,0.02456,0.99811,0.02974,0.04789,0.12385,-1.61736,0.27347,
135103286500,0.66644,-1.14637,0.65323,0.02212,0.99804,0.03507,0.04683,0.12846,-1.65655,0.26253,
135215261500,0.71009,-1.28487,0.68301,0.01555,0.99801,0.04503,0.04129,0.15416,-1.83876,0.23303,
135318332500,0.74376,-1.37267,0.70228,0.00833,0.99802,0.05139,0.03539,0.20458,-1.94733,0.22583,
135433772500,0.74347,-1.45941,0.72385,0.00721,0.99735,0.05744,0.04400,0.19450,-2.02053,0.21877,
135506426500,0.71440,-1.50708,0.75161,0.00110,0.99682,0.06000,0.05239,0.14716,-2.08088,0.21665,
135608881500,0.71386,-1.62552,0.75868,-0.01157,0.99663,0.06289,0.05137,0.12435,-2.23697,0.19395,
135688835500,0.70000,-1.67785,0.78969,-0.01752,0.99600,0.06759,0.05584,0.10260,-2.30376,0.19693,
135793067500,0.67381,-1.84994,0.81770,-0.02501,0.99555,0.06925,0.05875,0.05797,-2.50595,0.18153,
135862561500,0.67367,-1.95721,0.83372,-0.03242,0.99513,0.07126,0.05982,0.06487,-2.65509,0.16831,
135983582500,0.62267,-2.20171,0.86725,-0.03979,0.99404,0.07310,0.07043,-0.00441,-2.92431,0.12628,
136066167500,0.61348,-2.36713,0.88242,-0.05549,0.99309,0.07710,0.06884,-0.02394,-3.13176,0.08602,
136164785500,0.60199,-2.58306,0.90074,-0.06667,0.99136,0.08231,0.07740,-0.01765,-3.37114,0.03652,
136281208500,0.59199,-2.90424,0.92632,-0.08384,0.98903,0.09095,0.08067,-0.03002,-3.72722,-0.03722,
136355907500,0.44861,-2.83860,0.94802,-0.06439,0.98966,0.08386,0.09697,-0.26679,-3.52639,-0.00312,
136459837500,0.35096,-2.93380,0.95709,-0.06417,0.98905,0.08355,0.10336,-0.40586,-3.59409,-0.02525,
136536361500,0.23990,-3.16581,0.96391,-0.06990,0.98743,0.08597,0.11271,-0.55414,-3.81052,-0.09219,
136640422500,0.09892,-3.37369,0.97294,-0.07515,0.98564,0.08720,0.12357,-0.73912,-3.98911,-0.14122,
136718794500,-0.10195,-3.38596,0.98235,-0.07285,0.98413,0.08403,0.13826,-1.02877,-3.91100,-0.16138,
136822618500,-0.32420,-3.44111,1.00079,-0.06819,0.98276,0.08385,0.14999,-1.30896,-3.91359,-0.19783,
136951060500,-0.59123,-3.71976,1.00307,-0.07266,0.97999,0.08547,0.16443,-1.59930,-4.15846,-0.28815,
137010287500,-0.78356,-3.44667,1.01982,-0.04854,0.98072,0.07769,0.17261,-1.86869,-3.74378,-0.23170,
137101773500,-1.07940,-3.38047,1.04369,-0.03102,0.97909,0.07778,0.18537,-2.17672,-3.57928,-0.23577,
137201752500,-1.32530,-3.52959,1.04305,-0.03138,0.97616,0.07872,0.19980,-2.41829,-3.69226,-0.28088,
137320386500,-1.64154,-3.86980,1.01748,-0.04491,0.97287,0.08108,0.21196,-2.71950,-3.99754,-0.38383,
137395293500,-1.82520,-3.96543,1.02709,-0.04470,0.97146,0.08077,0.21850,-2.90738,-4.04838,-0.41363,
137499201500,-2.14458,-4.27191,1.00072,-0.05022,0.96880,0.08111,0.22873,-3.20888,-4.30229,-0.50830,
137579291500,-2.28530,-4.37739,1.01228,-0.05246,0.96751,0.08110,0.23365,-3.32355,-4.36038,-0.53671,
140278437500,0.55050,-0.05854,0.20600,0.11176,0.99239,0.03473,-0.03835,0.00797,0.01535,-0.02352,
140349328500,0.55945,-0.10047,0.21968,0.13060,0.99083,0.03450,-0.00393,-0.27404,0.05060,-0.06528,
140466598500,0.72302,-0.35774,0.24659,0.13146,0.99058,0.03820,0.00145,-0.14618,-0.19155,-0.03621,
140532765500,0.74203,-0.35522,0.24446,0.12598,0.99121,0.04012,-0.00372,-0.16087,-0.19844,-0.01727,
140637656500,0.82184,-0.35904,0.27712,0.12243,0.99143,0.04415,-0.01141,-0.12902,-0.21084,0.01582,
140728992500,0.86110,-0.33089,0.27839,0.13144,0.99034,0.04395,-0.00347,-0.17161,-0.18291,0.01275,
140822808500,0.86974,-0.34567,0.28299,0.14776,0.98781,0.04775,-0.01088,-0.29347,-0.13547,0.00050,
140936418500,0.84231,-0.41976,0.30544,0.16352,0.98507,0.05097,-0.01716,-0.40373,-0.14314,0.00121,
141018844500,0.80720,-0.44780,0.30851,0.17824,0.98233,0.05423,-0.01792,-0.47549,-0.13016,-0.00420,
142716780500,0.55766,-0.09133,0.19182,0.04612,0.99888,0.01094,0.00061,-0.13443,-0.02701,-0.02211,
142820109500,0.53226,-0.08020,0.18419,0.04546,0.99883,0.00840,-0.01417,-0.18761,-0.01297,-0.03128,
142909534500,0.47993,-0.07002,0.18169,0.04089,0.99874,0.00613,-0.02847,-0.26464,0.00615,-0.03292,
143009395500,0.44924,-0.06965,0.17797,0.03741,0.99863,0.00130,-0.03658,-0.31707,0.01856,-0.02848,
143117917500,0.40711,-0.06714,0.17377,0.03559,0.99822,-0.00481,-0.04767,-0.37617,0.04717,-0.04045,
143240552500,0.36215,-0.06278,0.16797,0.03250,0.99788,-0.00906,-0.05560,-0.43287,0.07015,-0.05739,
143297044500,0.31978,-0.05725,0.16128,0.03101,0.99753,-0.01042,-0.06211,-0.48633,0.09988,-0.07616,
143404842500,0.26386,-0.04489,0.15166,0.03256,0.99746,-0.01119,-0.06230,-0.54312,0.13704,-0.10222,
143488110500,0.21675,-0.04661,0.13630,0.02068,0.99736,-0.00482,-0.06945,-0.60115,0.08469,-0.12056,
143609848500,0.13811,-0.02919,0.12026,0.01850,0.99712,-0.00322,-0.07344,-0.68177,0.11665,-0.12893,
143673573500,0.09520,-0.02603,0.10955,0.02316,0.99699,-0.00134,-0.07400,-0.73820,0.11504,-0.14155,
143775597500,0.02867,-0.01303,0.09577,0.02728,0.99654,-0.00123,-0.07854,-0.74531,0.11715,-0.15840,
143905908500,-0.09772,0.01769,0.07178,0.01874,0.99696,-0.00073,-0.07568,-0.87602,0.15972,-0.18491,
143968819500,-0.14509,0.00845,0.06127,0.03118,0.99658,0.00577,-0.07626,-0.93839,0.14603,-0.18922,
144053625500,-0.20003,0.02336,0.04760,0.03053,0.99661,0.00645,-0.07617,-0.95661,0.15877,-0.19009,
144152277500,-0.32362,0.05585,0.02406,0.02214,0.99723,0.00099,-0.07106,-1.03350,0.18672,-0.20237,
144266965500,-0.43664,0.06425,0.00080,0.02456,0.99753,0.00275,-0.06574,-1.12620,0.17685,-0.20778,
144376001500,-0.55341,0.07263,-0.02172,0.02665,0.99745,0.00632,-0.06590,-1.21875,0.16106,-0.20756,
144460248500,-0.65843,0.07392,-0.03975,0.02961,0.99731,0.00565,-0.06685,-1.28640,0.15588,-0.20816,
144537941500,-0.75368,0.07931,-0.05469,0.02997,0.99762,0.00417,-0.06190,-1.36662,0.15357,-0.21693,
144645037500,-0.88591,0.10318,-0.07510,0.02617,0.99770,0.00395,-0.06245,-1.46159,0.16687,-0.21917,
144759522500,-1.06933,0.13462,-0.10528,0.02097,0.99747,0.00717,-0.06750,-1.57535,0.16788,-0.23327,
144824508500,-1.17616,0.12281,-0.12125,0.02388,0.99746,0.01078,-0.06622,-1.66489,0.15206,-0.24494,
144948766500,-1.38666,0.16101,-0.15420,0.02319,0.99741,0.01456,-0.06645,-1.78436,0.16990,-0.26199,
145005287500,-1.49683,0.13969,-0.16968,0.02544,0.99770,0.01510,-0.06097,-1.86408,0.14741,-0.26671,
145136934500,-1.72590,0.12641,-0.19542,0.04072,0.99753,0.00812,-0.05671,-1.91995,0.09934,-0.25543,
145228892500,-1.90729,0.13568,-0.21789,0.02507,0.99885,0.00319,-0.04069,-2.07526,0.08401,-0.27340,
145310843500,-2.05341,0.14238,-0.22628,0.01393,0.99912,0.01058,-0.03804,-2.18620,0.07150,-0.28710,
145389611500,-2.24649,0.16739,-0.24647,0.00367,0.99963,-0.00126,-0.02706,-2.32013,0.06222,-0.29210,
145505050500,-2.52833,0.18628,-0.27544,0.00432,0.99962,-0.00307,-0.02715,-2.49140,0.04875,-0.31443,
145615592500,-2.77177,0.18751,-0.30613,0.00389,0.99965,-0.00436,-0.02586,-2.62794,0.05109,-0.32728,
145680260500,-2.97569,0.19826,-0.33027,0.00244,0.99970,-0.00505,-0.02380,-2.74055,0.04845,-0.32781,
145803414500,-3.33050,0.21442,-0.37217,0.00146,0.99974,-0.00610,-0.02189,-2.92659,0.03664,-0.34956,
145866354500,-3.42111,0.21651,-0.38258,0.00146,0.99973,-0.00706,-0.02219,-2.97096,0.02288,-0.35383,
145984771500,-3.83054,0.20916,-0.43244,0.00019,0.99976,-0.01001,-0.01933,-3.17854,0.00079,-0.38596,
146093891500,-4.11065,0.20309,-0.46660,0.00153,0.99978,-0.01369,-0.01611,-3.31256,-0.01584,-0.40494,
146146579500,-4.42008,0.18523,-0.50482,0.00441,0.99969,-0.01789,-0.01664,-3.46942,-0.03723,-0.41913,
146279561500,-4.87360,0.11701,-0.55897,0.01014,0.99914,-0.03109,-0.02565,-3.60577,-0.09050,-0.44348,
146356508500,-5.15065,0.27195,-0.59321,0.00906,0.99930,-0.02802,-0.02306,-3.70779,0.01081,-0.45654,
146444616500,-5.33800,0.57276,-0.61399,0.00956,0.99946,-0.02109,-0.02350,-3.73569,0.19406,-0.45424,
146576128500,-6.02314,0.49160,-0.67317,-0.00798,0.99982,-0.00550,-0.01623,-3.99253,-0.04989,-0.47260,
146682519500,-6.47275,0.34251,-0.71513,-0.01792,0.99972,-0.00352,-0.01507,-4.17038,-0.23259,-0.48174,
146722351500,-6.64921,0.25999,-0.72909,-0.02122,0.99968,-0.00230,-0.01379,-4.22967,-0.31669,-0.48131,
146836050500,-7.09092,0.13155,-0.77201,-0.02959,0.99948,-0.00249,-0.01222,-4.39819,-0.46002,-0.49826,
146935774500,-7.60238,-0.00079,-0.82227,-0.03512,0.99933,-0.00186,-0.01036,-4.57567,-0.60389,-0.51613,
147016397500,-7.94188,-0.11359,-0.85637,-0.03681,0.99928,-0.00242,-0.00886,-4.69141,-0.71953,-0.53085,
147123567500,-8.49778,-0.25451,-0.91401,-0.03740,0.99928,-0.00333,-0.00556,-4.87693,-0.85654,-0.56482,
147200961500,-8.78129,-0.35317,-0.94404,-0.03872,0.99924,-0.00244,-0.00335,-4.97913,-0.94263,-0.58071,
147318610500,-9.31328,-0.28231,-1.00201,-0.01103,0.99990,-0.00392,-0.00823,-5.02296,-0.69565,-0.56174,
147385577500,-9.79642,-0.41475,-1.04783,-0.03672,0.99932,0.00175,-0.00167,-5.29318,-1.00045,-0.61008,
147497277500,-10.41815,0.11511,-1.11350,-0.01065,0.99994,-0.00151,-0.00102,-5.54672,-0.45850,-0.62298,
147596422500,-10.95119,-0.13033,-1.16993,-0.02992,0.99955,0.00358,0.00061,-5.69309,-0.76465,-0.64668,
147684558500,-11.53195,-0.42983,-1.23120,-0.03728,0.99928,0.00543,0.00331,-5.86523,-1.03755,-0.66826,
147784311500,-12.10493,-0.72247,-1.29421,-0.04148,0.99909,0.00688,0.00747,-6.02879,-1.26081,-0.70467,
147866861500,-12.45568,-0.95711,-1.33353,-0.04620,0.99887,0.00749,0.00850,-6.13333,-1.43605,-0.72476,
147969800500,-13.03524,-1.24274,-1.40041,-0.05152,0.99859,0.00955,0.00876,-6.30921,-1.63204,-0.75516,
148060031500,-13.82914,-1.41253,-1.49278,-0.04956,0.99858,-0.01654,0.01009,-6.55850,-1.66394,-0.77745,
148148069500,-14.41479,-1.55532,-1.55531,-0.04082,0.99835,-0.03679,0.01676,-6.76381,-1.59148,-0.78889,
148264431500,-15.17676,-1.67128,-1.63447,-0.03787,0.99845,-0.03472,0.02135,-6.99867,-1.57179,-0.82225,
148345281500,-15.74923,-1.73534,-1.69589,-0.03549,0.99850,-0.03386,0.02441,-7.17005,-1.57194,-0.83456,
148459316500,-16.65522,-1.84315,-1.79194,-0.03298,0.99862,-0.03232,0.02492,-7.42815,-1.59213,-0.84840,
148538525500,-17.22019,-2.12386,-1.85513,-0.02420,0.99945,-0.00094,0.02266,-7.54101,-1.68207,-0.85341,
148643855500,-18.04710,-2.26619,-1.94319,-0.04464,0.99868,0.00370,0.02523,-7.76099,-1.94917,-0.90669,
148742841500,-18.70766,-2.30754,-2.01485,-0.03681,0.99900,-0.00089,0.02517,-7.92709,-1.92540,-0.92903,
148813815500,-19.27312,-2.32438,-2.07500,-0.03916,0.99864,-0.00591,0.03402,-8.12486,-1.96833,-0.96465,
148931771500,-20.37728,-2.54527,-2.20007,-0.03939,0.99843,-0.00458,0.03957,-8.44829,-2.06243,-1.00326,
149005399500,-21.03537,-2.74483,-2.27546,-0.04174,0.99817,-0.00911,0.04286,-8.63697,-2.15994,-1.01576,
149115096500,-21.97822,-3.08062,-2.38516,-0.04595,0.99780,-0.01235,0.04609,-8.89959,-2.30577,-1.05221,
149235036500,-23.04648,-3.44210,-2.51017,-0.04763,0.99745,-0.00541,0.05281,-9.21522,-2.45070,-1.10546,
149309378500,-23.62750,-4.00139,-2.59586,-0.05845,0.99773,0.00096,0.03332,-9.27145,-2.72347,-1.10883,
149425083500,-24.03602,-4.64183,-2.64276,-0.07298,0.99653,0.01043,0.03863,-9.31727,-3.21155,-1.14940,
149480624500,-25.49962,-3.60386,-2.78412,-0.05737,0.99692,0.03045,0.04404,-9.82838,-2.71607,-1.21381,
149578586500,-26.23532,-4.31391,-2.88731,-0.06682,0.99660,0.02267,0.04254,-9.97998,-3.02908,-1.25962,
149685962500,-27.05803,-5.65820,-3.02095,-0.08158,0.99586,0.01343,0.03789,-10.08714,-3.68028,-1.31588,
149793922500,-28.01689,-6.96644,-3.17372,-0.09570,0.99466,0.01498,0.03566,-10.21563,-4.39152,-1.39030,
149871078500,-28.24925,-7.73497,-3.22602,-0.10076,0.99410,0.01923,0.03532,-10.19058,-4.79546,-1.41463,
149969643500,-29.30683,-9.08475,-3.40800,-0.11878,0.99244,0.01795,0.02511,-10.32440,-5.45736,-1.50375,
150076753500,-29.86633,-10.13741,-3.52259,-0.12945,0.99120,0.01853,0.02040,-10.33818,-5.95693,-1.55554,
150148558500,-30.65978,-11.27366,-3.67487,-0.13915,0.98990,0.01936,0.01904,-10.40695,-6.46669,-1.62394,
150271771500,-31.70960,-12.56181,-3.87357,-0.14784,0.98859,0.02020,0.02053,-10.53134,-7.01396,-1.71194,
150379622500,-32.51686,-13.67670,-4.03851,-0.15553,0.98734,0.02221,0.02195,-10.60748,-7.47860,-1.78585,
150461085500,-33.25801,-14.72551,-4.19463,-0.16269,0.98614,0.02419,0.02173,-10.68912,-7.90513,-1.83992,
150536870500,-34.68266,-13.38477,-4.28360,-0.13039,0.99044,-0.00436,0.04472,-11.40991,-7.05107,-1.82931,
150640285500,-36.72480,-13.18458,-4.52579,-0.12031,0.99135,0.00490,0.05221,-12.06142,-6.70016,-1.87168,
150758407500,-37.68319,-14.95001,-4.74613,-0.13784,0.98894,-0.02872,0.04650,-12.12611,-7.35029,-1.93258,
150817516500,-37.69142,-16.31567,-4.83628,-0.11904,0.99098,0.01195,0.06030,-12.12373,-7.64650,-1.94843,
150919348500,-38.30305,-17.84183,-5.01337,-0.13524,0.98953,0.01353,0.04860,-12.12250,-8.25284,-2.01977,
151018120500,-39.64616,-19.00708,-5.25314,-0.13917,0.98862,-0.01044,0.05613,-12.44973,-8.56499,-2.09230,
151123253500,-40.40415,-20.72665,-5.47019,-0.14769,0.98725,-0.01117,0.05825,-12.55367,-9.14347,-2.16660,
151196055500,-40.45347,-22.12108,-5.58571,-0.15363,0.98635,-0.01097,0.05821,-12.47920,-9.63874,-2.20287,
151295513500,-41.57565,-23.97996,-5.86431,-0.15945,0.98544,-0.01234,0.05774,-12.71290,-10.18714,-2.30127,
151400788500,-42.86807,-25.12372,-6.10841,-0.16227,0.98511,-0.01539,0.05474,-13.01538,-10.46120,-2.37825,
151535528500,-43.97771,-27.17499,-6.41914,-0.17251,0.98373,-0.02245,0.04476,-13.13080,-11.08188,-2.48497,
151607907500,-44.23678,-27.73869,-6.49867,-0.17543,0.98317,-0.02628,0.04383,-13.14433,-11.25897,-2.51656,
151679347500,-45.07081,-29.96573,-6.80328,-0.18365,0.98177,-0.02960,0.03901,-13.12566,-11.91378,-2.62106,
151786050500,-46.27721,-31.46394,-7.08439,-0.18590,0.98104,-0.03100,0.04514,-13.33227,-12.27041,-2.71420,
153299512500,-15.94563,-4.42649,-1.76385,0.05084,0.99855,0.01458,-0.00978,-0.03259,0.00824,-0.01946,
153420774500,-15.95434,-4.42564,-1.77651,0.05133,0.99860,0.01187,-0.00485,-0.04331,-0.01130,-0.00769,
153533434500,-15.95926,-4.43285,-1.79433,0.05541,0.99836,0.01402,0.00264,-0.06403,-0.02533,-0.00789,
153592991500,-15.94962,-4.43631,-1.81348,0.05360,0.99835,0.01508,0.01373,-0.05662,-0.04114,-0.00098,
153683603500,-15.94749,-4.43844,-1.82584,0.04949,0.99816,0.01558,0.03125,-0.07224,-0.03340,-0.01480,
153788576500,-15.94478,-4.43663,-1.84107,0.04395,0.99759,0.01585,0.05122,-0.09376,-0.03592,-0.01014,
153898808500,-15.95988,-4.44953,-1.86194,0.03265,0.99683,0.01642,0.07073,-0.14892,-0.05207,-0.00739,
153977325500,-15.96955,-4.45494,-1.87915,0.01722,0.99662,0.01542,0.07883,-0.19624,-0.06791,-0.01071,
154084630500,-15.98291,-4.45702,-1.90541,0.00234,0.99648,0.01543,0.08241,-0.23741,-0.06517,-0.03535,
154148953500,-16.00054,-4.45971,-1.91376,-0.01717,0.99607,0.01711,0.08517,-0.27614,-0.06674,-0.03582,
154254011500,-16.01777,-4.46215,-1.92169,-0.03200,0.99502,0.01906,0.09244,-0.32157,-0.06692,-0.03357,
154354050500,-16.04811,-4.46172,-1.92920,-0.04827,0.99303,0.02290,0.10503,-0.40057,-0.05567,-0.02137,
158750000500,-15.88037,-4.43089,-1.69521,0.27773,0.95985,0.01750,0.03532,-0.10525,0.00964,0.08849,
162567573500,-15.94491,-4.42394,-1.72206,0.44642,0.89128,-0.01541,0.07807,-0.00755,-0.01373,0.02762,
164276353500,-15.97455,-4.42614,-1.71897,-0.12713,0.99152,-0.00715,0.02601,-0.15166,0.08933,0.07448,
166435842500,-15.96665,-4.41363,-1.74243,0.05113,0.89489,0.44334,-0.00325,0.08631,0.01851,-0.09823,
166529532500,-15.95340,-4.41025,-1.75242,0.04199,0.87499,0.48232,-0.00036,0.14951,0.03297,-0.13184,
166625341500,-15.94044,-4.40166,-1.76430,0.03635,0.85817,0.51205,0.00571,0.18983,0.05448,-0.16610,
166753335500,-15.90204,-4.40152,-1.79476,0.02112,0.83031,0.55689,-0.00420,0.30806,0.03151,-0.25587,
166863885500,-15.85224,-4.39805,-1.82584,0.01513,0.80490,0.59320,-0.00413,0.41202,0.01947,-0.33088,
166938164500,-15.82001,-4.38392,-1.85212,0.01551,0.79337,0.60854,-0.00112,0.46399,0.04605,-0.40045,
167037915500,-15.76641,-4.39627,-1.89085,0.00732,0.77729,0.62906,-0.00640,0.56058,-0.01584,-0.48497,
167158379500,-15.67671,-4.41852,-1.95957,-0.00238,0.76903,0.63907,-0.01299,0.70622,-0.08853,-0.60152,
167203543500,-15.64968,-4.44143,-1.98472,-0.00636,0.76419,0.64485,-0.01168,0.73738,-0.15077,-0.64115,
167304010500,-15.57207,-4.40168,-2.05871,-0.00365,0.76326,0.64591,-0.01484,0.83907,-0.08136,-0.77504,
167383063500,-15.53132,-4.38697,-2.12394,-0.00322,0.76271,0.64666,-0.00913,0.84990,-0.07819,-0.86741,
167490368500,-15.42416,-4.40819,-2.22856,-0.00438,0.76375,0.64531,-0.01543,0.96796,-0.12883,-1.02519,
167592609500,-15.36372,-4.41943,-2.29823,-0.00516,0.76601,0.64257,-0.01748,1.02600,-0.15232,-1.11855,
167718401500,-15.17435,-4.46745,-2.49548,-0.00741,0.76990,0.63771,-0.02290,1.22480,-0.23803,-1.32421,
167768903500,-15.10828,-4.46920,-2.56532,-0.00630,0.77207,0.63504,-0.02443,1.28647,-0.23893,-1.39286,
167890107500,-14.94840,-4.49517,-2.74520,-0.00551,0.77653,0.62948,-0.02686,1.43210,-0.28697,-1.55613,
167968818500,-14.83774,-4.47939,-2.87536,-0.00140,0.77964,0.62564,-0.02716,1.52017,-0.26401,-1.65564,
168051073500,-14.72824,-4.51812,-2.98856,-0.00159,0.78147,0.62326,-0.02933,1.60615,-0.30160,-1.72834,
168160065500,-14.50513,-4.57471,-3.20461,-0.00180,0.78403,0.61982,-0.03331,1.78549,-0.35133,-1.85390,
168272807500,-14.29251,-4.63601,-3.41309,-0.00376,0.78536,0.61805,-0.03486,1.94457,-0.39719,-1.93604,
168368374500,-14.08725,-4.64079,-3.60507,-0.00589,0.78519,0.61835,-0.03288,2.08771,-0.39471,-1.98936,
168436499500,-13.99801,-4.65509,-3.69050,-0.00742,0.78509,0.61853,-0.03172,2.14840,-0.41263,-2.01356,
168548582500,-13.70376,-4.87042,-3.95187,-0.00600,0.78596,0.61782,-0.02311,2.31152,-0.63743,-2.06351,
168621567500,-13.51465,-4.53763,-4.12088,0.00896,0.78305,0.62180,-0.01097,2.36632,-0.34623,-2.11218,
168751265500,-13.24740,-4.45480,-4.38441,0.01057,0.77539,0.63124,-0.01412,2.47210,-0.27322,-2.18822,
168826620500,-13.04092,-4.43965,-4.56923,0.00567,0.77411,0.63280,-0.01703,2.56571,-0.27764,-2.21804,
168931395500,-12.76389,-4.62368,-4.81692,-0.00380,0.77662,0.62991,-0.00763,2.67672,-0.44395,-2.21537,
169047261500,-12.48411,-4.67971,-5.05553,-0.00453,0.77403,0.63307,0.00860,2.77757,-0.50970,-2.21875,
169123776500,-12.32337,-4.72719,-5.19252,-0.00996,0.77553,0.63087,0.02163,2.82195,-0.59703,-2.22481,
169194024500,-12.12673,-4.81971,-5.36806,-0.00618,0.77658,0.62916,0.03228,2.82053,-0.72292,-2.24423,
169298568500,-11.77975,-4.70996,-5.63729,-0.02453,0.78921,0.61178,0.04764,2.88974,-0.85305,-2.33980,
169419034500,-11.45850,-4.94045,-5.93294,-0.03387,0.79305,0.60617,0.04985,2.92371,-1.16502,-2.43307,
169483248500,-11.37519,-5.28320,-6.07993,-0.02315,0.78271,0.62054,0.04195,2.91115,-1.32315,-2.46177,
169603790500,-11.10564,-5.43432,-6.36724,-0.01093,0.77964,0.62451,0.04505,2.92570,-1.44094,-2.56271,
169709311500,-10.75192,-5.43751,-6.63473,-0.00411,0.77640,0.62854,0.04617,2.98964,-1.45935,-2.63902,
169774788500,-10.55288,-5.54856,-6.80928,-0.00287,0.77640,0.62824,0.05007,2.99541,-1.54991,-2.68324,
169859531500,-10.25664,-5.62729,-7.04465,0.00045,0.77708,0.62695,0.05552,2.99733,-1.62545,-2.72985,
169968373500,-10.02896,-5.66182,-7.33302,-0.03136,0.76693,0.64014,0.03238,3.37475,-1.62553,-2.78412,
170073351500,-9.66239,-5.82522,-7.62200,-0.03691,0.76531,0.64156,0.03652,3.48834,-1.78853,-2.82783,
170149035500,-9.33290,-6.11894,-7.84749,-0.01094,0.77246,0.63255,0.05532,3.28021,-1.92368,-2.83355,
170268416500,-9.01344,-6.49682,-8.18633,-0.03812,0.77131,0.63094,0.07444,3.25344,-2.45986,-2.91566,
170348942500,-8.71265,-6.58798,-8.42387,-0.04858,0.78035,0.62023,0.06338,3.38240,-2.54741,-2.96416,
170436890500,-8.53327,-6.77957,-8.59791,-0.04908,0.77579,0.62493,0.07214,3.36322,-2.72979,-3.00633,
170537950500,-8.15949,-7.06537,-8.92959,-0.04962,0.77086,0.63148,0.06736,3.49395,-2.90086,-3.06769,
170639772500,-7.77397,-7.23493,-9.22320,-0.04868,0.76671,0.63734,0.05989,3.69195,-3.01113,-3.14900,
170744426500,-7.37682,-7.59741,-9.56534,-0.03967,0.76052,0.64514,0.06186,3.75136,-3.20251,-3.22331,
170819560500,-6.99091,-7.91765,-9.88663,-0.04405,0.76456,0.63999,0.06254,3.83745,-3.40567,-3.24794,
170933413500,-6.67038,-8.35060,-10.20855,-0.03688,0.76913,0.63524,0.05958,3.77228,-3.59023,-3.25648,
171014417500,-6.27554,-8.40009,-10.43934,-0.04027,0.76813,0.63678,0.05351,3.99126,-3.52388,-3.27984,
171103341500,-5.78994,-8.72732,-10.79856,-0.04098,0.76687,0.63812,0.05499,4.11107,-3.66839,-3.33236,
171206516500,-5.38868,-9.13534,-11.13622,-0.03302,0.76673,0.63846,0.05834,4.10359,-3.81882,-3.36789,
171309347500,-4.99902,-9.21805,-11.36774,-0.04137,0.76354,0.64209,0.05490,4.35552,-3.86739,-3.39980,
171399547500,-4.47117,-9.65726,-11.75367,-0.05513,0.76353,0.64113,0.05415,4.53646,-4.09032,-3.44449,
171486059500,-4.30602,-10.34642,-12.05963,-0.06337,0.75379,0.65017,0.07121,4.38288,-4.62032,-3.51653,
171591532500,-3.70662,-10.70755,-12.45780,-0.05470,0.76641,0.63810,0.04956,4.65937,-4.66139,-3.60230,
171674322500,-3.73539,-11.59449,-12.76119,-0.05514,0.76177,0.63979,0.08561,4.16562,-5.42279,-3.72027,
171771401500,-3.23457,-11.90138,-13.08620,-0.05315,0.77281,0.62900,0.06552,4.41613,-5.41618,-3.76624,
171898603500,-2.35991,-12.15547,-13.53463,-0.05902,0.77836,0.62296,0.05084,4.88073,-5.29456,-3.81091,
171968864500,-2.23222,-13.00619,-13.88361,-0.04791,0.78445,0.61602,0.05356,4.60117,-5.66922,-3.84913,
172079562500,-1.50978,-13.42221,-14.31110,-0.04466,0.78433,0.61686,0.04812,4.86847,-5.68335,-3.91596,
172154367500,-2.31912,-14.88155,-14.59594,-0.04546,0.77399,0.62601,0.08358,3.89831,-6.66563,-3.99456,
172257032500,-1.37767,-14.85883,-14.91463,-0.04083,0.78223,0.61742,0.07239,4.44390,-6.44159,-4.03744,
172337034500,-0.65947,-15.14928,-15.28528,-0.04516,0.77844,0.62312,0.06097,4.84568,-6.38721,-4.09954,
172460600500,-0.04239,-15.56103,-15.65640,-0.05094,0.77018,0.63272,0.06245,5.05561,-6.49674,-4.16946,
172555403500,0.51796,-16.53861,-16.19637,-0.03728,0.77598,0.62635,0.06437,4.92564,-6.79733,-4.25547,
172625563500,0.89410,-16.98600,-16.51781,-0.04808,0.78456,0.61386,0.07292,4.93011,-7.09917,-4.36093,
172729608500,1.41060,-17.79285,-17.02917,-0.04762,0.77930,0.62034,0.07487,4.99928,-7.35874,-4.48532,
172815385500,1.91396,-18.31639,-17.40373,-0.04921,0.77824,0.62165,0.07401,5.16149,-7.45597,-4.54433,
172925863500,2.53115,-18.99674,-17.86103,-0.05515,0.77731,0.62178,0.07837,5.29203,-7.61673,-4.59432,
173020792500,3.01805,-19.70773,-18.27997,-0.05997,0.77875,0.61837,0.08702,5.30278,-7.84874,-4.63803,
173106253500,3.42239,-20.30735,-18.63846,-0.06537,0.78335,0.61169,0.08901,5.35470,-8.06564,-4.68097,
173196299500,4.14064,-21.20524,-19.19409,-0.05755,0.78029,0.61683,0.08576,5.45742,-8.22884,-4.74373,
173301040500,4.69140,-22.08223,-19.69031,-0.06711,0.78510,0.61143,0.07263,5.67188,-8.49054,-4.82751,
173407893500,5.24836,-22.89022,-20.15222,-0.06671,0.78614,0.61073,0.06743,5.80948,-8.69829,-4.91146,
173496532500,5.29574,-24.10616,-20.62419,-0.06770,0.77796,0.61896,0.08416,5.53127,-9.32097,-5.06834,
173596331500,5.87660,-25.08304,-21.15776,-0.05167,0.77685,0.62301,0.07541,5.59939,-9.45957,-5.16371,
173703620500,6.67460,-25.98838,-21.72162,-0.05001,0.77100,0.63009,0.07775,5.78143,-9.59635,-5.25486,
173779076500,7.19566,-26.25244,-21.96257,-0.03066,0.78606,0.61433,0.06142,5.92318,-9.38053,-5.23846,
173900654500,8.17537,-27.61116,-22.74394,-0.05401,0.76455,0.63661,0.08533,6.14511,-9.78229,-5.37199,
173961883500,7.66304,-28.85494,-23.08991,-0.04467,0.75261,0.65109,0.08756,5.66120,-10.11167,-5.36624,
174086295500,8.50930,-30.09267,-23.77614,-0.03403,0.75351,0.65111,0.08440,5.77173,-10.19204,-5.40058,
174151010500,9.71582,-30.19840,-24.11882,-0.04342,0.76035,0.64243,0.08522,6.27761,-10.15448,-5.46116,
174258386500,6.94823,-32.81559,-24.53303,-0.04767,0.72462,0.67352,0.13795,4.32452,-11.60674,-5.59613,
174336430500,8.73056,-33.40165,-25.13443,-0.04205,0.74917,0.64990,0.12088,5.05291,-11.53960,-5.66060,
174439800500,9.55314,-34.11068,-25.59773,-0.03986,0.75781,0.64127,0.11360,5.28102,-11.60224,-5.69452,
174546379500,11.08082,-34.46003,-26.07779,-0.04968,0.75864,0.63894,0.11730,5.86070,-11.59257,-5.76333,
174670071500,11.79493,-35.99730,-26.83149,-0.04394,0.75268,0.64454,0.12691,5.81426,-11.97279,-5.88394,
174735812500,12.59400,-36.99230,-27.39343,-0.03841,0.76319,0.63363,0.12075,5.94864,-12.15418,-5.98353,
174813090500,13.03483,-38.13610,-27.93722,-0.03832,0.75928,0.63885,0.11789,5.92790,-12.40928,-6.07547,
174918791500,13.61025,-39.48559,-28.58915,-0.04275,0.75989,0.63837,0.11497,5.91770,-12.70519,-6.18024,
175003951500,12.76393,-41.02514,-29.00832,-0.03134,0.75335,0.64463,0.12623,5.14568,-13.19540,-6.24229,
175115228500,14.08652,-42.27501,-29.81509,-0.04805,0.76244,0.63184,0.13097,5.50565,-13.46627,-6.36866,
175217014500,14.62261,-43.13901,-30.27337,-0.05378,0.76254,0.63118,0.13134,5.58078,-13.66926,-6.43119,
175300416500,15.30366,-44.76579,-31.05104,-0.05048,0.76496,0.63168,0.11515,5.79890,-13.85131,-6.48993,
175400081500,16.83536,-45.72278,-31.71994,-0.04585,0.76896,0.62888,0.10534,6.39264,-13.80206,-6.55858,
175482519500,17.76482,-46.54696,-32.21548,-0.04876,0.76823,0.62826,0.11288,6.55049,-13.98719,-6.66088,
175601266500,18.67271,-48.24912,-33.04831,-0.05332,0.77262,0.62304,0.10969,6.62622,-14.30722,-6.79449,
175708104500,19.09115,-49.68534,-33.67164,-0.05455,0.77648,0.61708,0.11542,6.47303,-14.65754,-6.89450,
175786050500,19.43078,-51.18614,-34.30815,-0.05574,0.77855,0.61271,0.12388,6.29645,-15.01623,-6.98489,
175887945500,19.81156,-52.77723,-34.99010,-0.05834,0.77913,0.61058,0.12938,6.15396,-15.40311,-7.07040,
175958987500,19.95097,-53.49784,-35.29327,-0.05905,0.77931,0.60970,0.13212,6.07547,-15.56981,-7.11621,
176058999500,20.75397,-55.55079,-36.22924,-0.05789,0.77586,0.61280,0.13843,6.08485,-15.97370,-7.23808,
176151068500,20.83605,-57.12332,-36.85121,-0.05651,0.77509,0.61411,0.13754,5.88818,-16.30384,-7.33656,
176256630500,21.36107,-59.08899,-37.70780,-0.05355,0.77465,0.61449,0.13948,5.81200,-16.65852,-7.47310,
176378186500,22.92970,-60.73506,-38.62614,-0.05993,0.78091,0.60637,0.13748,6.21352,-16.89696,-7.63592,
176455541500,23.28744,-62.11143,-39.22246,-0.05833,0.77543,0.61137,0.14676,6.10795,-17.16610,-7.74619,
176548373500,25.02660,-63.14894,-39.94739,-0.04627,0.78061,0.60952,0.13036,6.62919,-17.03822,-7.79221,
179783809500,6.89418,-26.31162,-21.92080,0.22312,0.72851,0.64051,0.09611,-0.02219,-0.06712,0.08022,
182003659500,6.89163,-26.33875,-21.93523,0.16470,0.74658,0.64093,-0.06863,-0.01991,-0.06540,-0.00777,
182084429500,6.90488,-26.23799,-21.93723,0.17071,0.75024,0.63818,-0.02711,-0.06003,0.01697,-0.03812,
182158806500,6.90336,-26.18599,-21.93854,0.18518,0.74841,0.63674,0.01263,-0.06969,0.06094,-0.06752,
184077058500,6.89215,-26.36977,-21.93834,0.31349,0.69075,0.63546,-0.14415,-0.03429,-0.07379,0.05836,
192819251500,6.90817,-26.30030,-21.89564,0.02786,0.77985,0.60451,0.16010,0.02719,-0.07062,0.04003,
195704820500,6.84748,-26.36861,-21.95674,0.22163,0.51708,0.82599,-0.03519,-0.01172,0.05572,-0.03017,
197210385500,6.88455,-26.37330,-21.94241,-0.05006,0.60412,0.77708,0.16937,0.04122,-0.03153,-0.02943,
201875333500,6.87061,-26.35083,-21.94697,-0.24595,0.72881,0.62565,-0.13004,0.02634,-0.04111,0.01953,
204370359500,6.88083,-26.26160,-21.95280,-0.03269,0.74551,0.64096,-0.17978,0.04268,0.09797,0.01054,
205883524500,6.91367,-26.32854,-21.96378,-0.03838,0.75072,0.65788,0.04624,-0.01747,-0.08425,-0.06673,
205985836500,6.90893,-26.25137,-21.90082,-0.04145,0.75490,0.65432,0.01664,-0.00261,-0.04353,0.02279,
206055601500,6.89522,-26.23987,-21.89693,-0.04071,0.75804,0.65089,0.00796,0.01016,-0.06672,0.02143,
206159837500,6.88083,-26.18500,-21.86233,-0.04184,0.76416,0.64367,0.00000,-0.04376,-0.11676,0.04133,
206281790500,6.88631,-26.11544,-21.85362,-0.06376,0.76887,0.63500,-0.03937,-0.06861,-0.07289,0.04295,
206364226500,6.90950,-26.11405,-21.84985,-0.07962,0.76982,0.63134,-0.04954,-0.00932,-0.08358,0.04715,
206443274500,6.90838,-26.11371,-21.84833,-0.09372,0.77042,0.62973,-0.03334,-0.01240,-0.10679,0.04975,
206550023500,6.96744,-26.03580,-21.81715,-0.11380,0.76978,0.62772,-0.02119,0.03922,-0.05605,0.06209,
208151012500,6.88552,-26.33207,-21.93318,0.02888,0.73171,0.67829,0.06075,-0.01182,-0.01576,0.00623,
210365754500,6.88659,-26.31307,-21.92756,0.00017,0.77042,0.63691,0.02836,-0.01058,-0.03657,0.02870,
210446211500,6.86577,-26.29530,-21.88253,-0.04441,0.76824,0.63616,0.05603,0.01480,-0.20045,-0.01699,
210543772500,6.86611,-26.32144,-21.86610,-0.02944,0.77179,0.63302,0.05248,-0.00243,-0.25330,-0.12612,
210654422500,6.86817,-26.34746,-21.87284,-0.01979,0.77504,0.63011,0.04333,-0.00714,-0.29595,-0.20071,
210774025500,6.87866,-26.42894,-21.89355,-0.00639,0.77941,0.62527,0.03899,-0.00700,-0.44418,-0.27775,
210811837500,6.87864,-26.43012,-21.89429,-0.00639,0.77951,0.62514,0.03909,-0.00732,-0.44648,-0.27867,
210921335500,6.90216,-26.55774,-21.86058,0.02588,0.78170,0.62097,0.05177,-0.00182,-0.63762,-0.20637,
213217961500,6.85805,-26.21180,-21.91348,0.01192,0.74363,0.66821,-0.01914,-0.03116,-0.11481,0.06196,
213295187500,6.85058,-26.21844,-21.91434,0.01755,0.73085,0.68155,-0.03221,-0.03149,-0.16005,0.03440,
213402861500,6.84743,-26.21940,-21.91580,0.01581,0.72956,0.68204,-0.04823,-0.01790,-0.24687,0.02684,
213493819500,6.84906,-26.23340,-21.91136,0.01225,0.72869,0.68267,-0.05320,0.01266,-0.31400,0.05296,
213591362500,6.85303,-26.26363,-21.90426,0.01127,0.72849,0.68308,-0.05071,0.04711,-0.40449,0.07044,
213700021500,6.87918,-26.31579,-21.90351,0.01704,0.73046,0.67904,-0.07107,0.15471,-0.53848,0.10489,
213803382500,6.89791,-26.37817,-21.89490,0.01983,0.73076,0.67768,-0.07961,0.18526,-0.67439,0.14408,
213865813500,6.89240,-26.40909,-21.89362,0.03895,0.73336,0.67050,-0.10535,0.17334,-0.70252,0.16222,
213987919500,6.92423,-26.53799,-21.86938,0.04630,0.73302,0.66846,-0.11707,0.22888,-0.88859,0.19173,
224291752500,6.87068,-26.13816,-21.87981,-0.03713,0.73960,0.66748,0.07802,-0.00036,0.01451,0.01201,
228477929500,6.88384,-26.06924,-21.87104,-0.00973,0.74623,0.66404,-0.04576,0.08356,-0.06595,0.03013,
228811598500,6.91869,-25.99733,-21.83790,-0.03544,0.74879,0.66124,-0.02863,0.13384,-0.16092,-0.03540,
228881293500,6.90040,-25.77235,-21.77592,-0.05678,0.74857,0.65990,-0.03090,0.08056,-0.20276,-0.02579,
228922964500,6.86529,-25.61034,-21.70981,-0.08056,0.74917,0.65723,-0.01759,0.03242,-0.07485,-0.00702,
231309291500,6.85780,-26.04334,-21.86955,0.18345,0.70705,0.68204,-0.03543,-0.02623,-0.03647,0.03403,
234087947500,6.85632,-26.00439,-21.88068,0.03755,0.73522,0.67133,-0.08578,0.00506,-0.04565,0.00943,
234189356500,6.85683,-25.99109,-21.87731,0.03353,0.73448,0.67306,-0.07998,0.00219,-0.06851,0.04470,
234289298500,6.85608,-25.93989,-21.87169,0.03867,0.73227,0.67580,-0.07466,-0.00701,-0.05955,0.05929,
234349810500,6.84905,-25.83059,-21.87152,0.04407,0.73014,0.67746,-0.07741,-0.01922,0.00816,0.04845,
234473507500,6.84751,-25.66722,-21.85838,0.04901,0.72917,0.67777,-0.08083,-0.03134,-0.02124,0.04310,
234551356500,6.84376,-25.65441,-21.85968,0.05729,0.72646,0.67966,-0.08389,-0.05427,-0.01827,0.03266,
234664925500,6.83145,-25.66186,-21.85530,0.05641,0.72715,0.67869,-0.08632,-0.09171,-0.04404,0.01626,
234775591500,6.83925,-25.59746,-21.85581,0.05556,0.72628,0.67883,-0.09280,-0.10872,-0.01448,0.00690,
234819148500,6.84180,-25.58101,-21.85370,0.04889,0.72684,0.67928,-0.08883,-0.10293,-0.01167,0.01610,
234918232500,6.83639,-25.51102,-21.84730,0.04400,0.72642,0.68118,-0.07983,-0.11928,-0.00584,0.02826,
235029359500,6.82227,-25.49683,-21.84051,0.03630,0.72539,0.68339,-0.07402,-0.14176,-0.04825,0.03825,
235103587500,6.80857,-25.53662,-21.84262,0.04015,0.72010,0.69024,-0.05845,-0.15845,-0.04666,0.03851,
235205761500,6.80450,-25.52472,-21.83735,0.04896,0.71542,0.69514,-0.05048,-0.15773,-0.07089,0.03478,
235329464500,6.79678,-25.45775,-21.82287,0.04866,0.71068,0.70026,-0.04696,-0.17783,-0.08232,0.03780,
235402368500,6.78463,-25.46242,-21.82097,0.05322,0.70724,0.70337,-0.04747,-0.19119,-0.09510,0.03185,
235516089500,6.75994,-25.48376,-21.81407,0.06128,0.70169,0.70866,-0.04092,-0.22115,-0.12613,0.01373,
235579332500,6.74320,-25.43344,-21.81540,0.06204,0.69864,0.71173,-0.03868,-0.26229,-0.07445,0.00095,
235689782500,6.75025,-25.39709,-21.82755,0.06223,0.69565,0.71472,-0.03710,-0.25034,-0.01164,-0.01623,
235768516500,6.73491,-25.39046,-21.82331,0.06251,0.69383,0.71664,-0.03327,-0.28806,-0.02827,-0.00950,
235878319500,6.71432,-25.38600,-21.82408,0.06186,0.69282,0.71781,-0.03040,-0.30434,-0.04617,-0.01569,
235979104500,6.69138,-25.39213,-21.82419,0.05702,0.69199,0.71916,-0.02655,-0.31636,-0.08275,-0.01768,
236065325500,6.72524,-25.31816,-21.83515,0.05427,0.69337,0.71790,-0.03026,-0.27983,-0.00807,-0.02884,
236177564500,6.65980,-25.35575,-21.83298,0.04732,0.69689,0.71521,-0.02408,-0.33489,-0.09483,-0.01442,
236257943500,6.66862,-25.28142,-21.84546,0.05021,0.69945,0.71261,-0.02103,-0.31178,-0.02342,0.01500,
236358769500,6.68116,-25.24218,-21.84580,0.05117,0.70436,0.70777,-0.01812,-0.28238,-0.04382,0.03333,
236459583500,6.72726,-25.13613,-21.86176,0.05871,0.70696,0.70427,-0.02766,-0.20736,0.03164,0.02478,
236531568500,6.74222,-25.12417,-21.86796,0.06129,0.70984,0.70087,-0.03397,-0.17327,0.00455,0.01428,
236661100500,6.73334,-25.09913,-21.87612,0.06732,0.71345,0.69605,-0.04450,-0.17158,-0.00009,-0.04239,
236767661500,6.66806,-25.15094,-21.87296,0.06893,0.71753,0.69210,-0.03746,-0.23003,-0.08849,-0.05973,
236812878500,6.75377,-25.13636,-21.88779,0.07627,0.71748,0.69072,-0.04803,-0.11574,-0.05937,-0.06634,
236959035500,6.78644,-25.14699,-21.89725,0.07633,0.72061,0.68797,-0.03988,-0.06531,-0.10598,-0.05238,
237033971500,6.84193,-25.05303,-21.89721,0.07805,0.72154,0.68671,-0.04144,-0.00601,-0.00254,-0.04538,
237134354500,6.90760,-24.96602,-21.91204,0.09108,0.72088,0.68487,-0.05462,0.07547,0.08494,-0.04755,
237201884500,6.90812,-24.96673,-21.91786,0.08504,0.72080,0.68589,-0.05273,0.08308,0.06412,-0.02939,
237324609500,6.91433,-24.93508,-21.91176,0.08297,0.72167,0.68552,-0.04865,0.10297,0.03987,0.00161,
237413580500,6.91595,-24.93360,-21.91186,0.08120,0.72003,0.68760,-0.04651,0.10317,0.02614,0.00930,
237516511500,6.95144,-24.93917,-21.90960,0.07901,0.71691,0.69095,-0.04875,0.14781,0.02131,0.04539,
237588133500,6.97907,-24.85523,-21.90746,0.08272,0.71554,0.69152,-0.05439,0.18405,0.12131,0.08542,
237697843500,6.96924,-24.80846,-21.89545,0.07647,0.71335,0.69530,-0.04292,0.18301,0.11729,0.11883,
237800008500,6.95334,-24.76198,-21.87622,0.07978,0.71010,0.69832,-0.04173,0.15976,0.09722,0.13047,
237867264500,6.90667,-24.71659,-21.86618,0.08186,0.70944,0.69912,-0.03487,0.08838,0.10637,0.14128,
237958613500,6.91127,-24.70893,-21.85713,0.08069,0.70915,0.69964,-0.03324,0.09424,0.07776,0.15374,
238067339500,6.90816,-24.69604,-21.84712,0.07513,0.71057,0.69906,-0.02752,0.08483,0.04041,0.16039,
238191533500,6.90979,-24.67811,-21.82305,0.07303,0.71350,0.69642,-0.02414,0.07345,-0.03847,0.15057,
238287362500,6.84432,-24.71551,-21.81581,0.07476,0.71572,0.69419,-0.01586,-0.00678,-0.15380,0.13295,
238362426500,6.86914,-24.74098,-21.79896,0.07951,0.71546,0.69403,-0.01119,0.00479,-0.21392,0.13897,
238442421500,6.85911,-24.71160,-21.79629,0.08232,0.71466,0.69457,-0.00811,-0.02697,-0.20364,0.13231,
238535302500,6.83828,-24.67510,-21.78974,0.08455,0.71316,0.69588,-0.00258,-0.10497,-0.21275,0.12353,
238642791500,6.82608,-24.70872,-21.77179,0.08106,0.71035,0.69912,0.00836,-0.14729,-0.29919,0.12969,
238771287500,6.77590,-24.69009,-21.76853,0.07613,0.70475,0.70504,0.02122,-0.25446,-0.36837,0.14065,
238817309500,6.77451,-24.72103,-21.76016,0.07324,0.70228,0.70755,0.02830,-0.26589,-0.43227,0.14397,
238922817500,6.70460,-24.80713,-21.75339,0.07133,0.69253,0.71622,0.04827,-0.39222,-0.61872,0.13631,
239021267500,6.66901,-24.88222,-21.73741,0.06873,0.68543,0.72248,0.05911,-0.47312,-0.77059,0.14213,
239139317500,6.59342,-24.94307,-21.72404,0.06741,0.67176,0.73437,0.06999,-0.64211,-0.92214,0.13002,
239196875500,6.52471,-24.96356,-21.72422,0.06812,0.66594,0.73886,0.07729,-0.73937,-0.98303,0.12706,
239311904500,6.44650,-25.09651,-21.71042,0.06555,0.65425,0.74771,0.09265,-0.87426,-1.22309,0.11082,
239383375500,6.32847,-25.24801,-21.70353,0.06859,0.64356,0.75499,0.10546,-1.02838,-1.46172,0.09984,
239493501500,6.26938,-25.50112,-21.68386,0.06583,0.63167,0.76385,0.11485,-1.12167,-1.80238,0.09605,
239609769500,6.29531,-25.49169,-21.68525,0.06745,0.62601,0.76911,0.10967,-1.10631,-1.79815,0.09594,
239693578500,6.11401,-25.77648,-21.67615,0.07386,0.59923,0.78718,0.12574,-1.32763,-2.15799,0.08281,
239770900500,6.02162,-25.92105,-21.66719,0.07653,0.58671,0.79488,0.13446,-1.44435,-2.32921,0.08572,
239875184500,5.91415,-26.00773,-21.65510,0.08360,0.57219,0.80433,0.13658,-1.58023,-2.39900,0.08566,
239981281500,5.65836,-26.43032,-21.64398,0.08997,0.52582,0.83008,0.16245,-1.85703,-2.86852,0.02735,
240058393500,5.53062,-26.49884,-21.63272,0.09693,0.51270,0.83729,0.16338,-1.98636,-2.90487,0.01818,
240148154500,5.34657,-26.77280,-21.61567,0.10437,0.47766,0.85664,0.16465,-2.12113,-3.13856,0.00262,
240277901500,5.11181,-27.17051,-21.60794,0.10862,0.42387,0.88159,0.17700,-2.31441,-3.50073,-0.04358,
240358587500,4.89687,-27.28420,-21.56683,0.12337,0.38804,0.89913,0.16049,-2.45914,-3.42738,0.00884,
240430835500,4.72531,-27.39429,-21.53284,0.13358,0.36046,0.91116,0.14835,-2.55673,-3.37420,0.04586,
240533612500,4.50442,-27.70523,-21.50824,0.14309,0.31943,0.92614,0.14057,-2.67477,-3.51274,0.04529,
240661773500,4.15971,-28.05053,-21.47625,0.14861,0.26209,0.94483,0.12854,-2.88883,-3.58382,0.05005,
240771413500,3.78502,-28.42033,-21.45390,0.15449,0.21034,0.95752,0.12267,-3.15030,-3.68285,0.03836,
240846900500,3.61263,-28.45512,-21.43116,0.15702,0.19503,0.96111,0.11651,-3.33224,-3.54884,0.06133,
240913094500,3.38371,-28.71469,-21.40616,0.15346,0.15791,0.96956,0.10713,-3.40046,-3.57974,0.08105,
241032517500,3.01056,-29.10402,-21.37840,0.14921,0.10771,0.97824,0.09585,-3.55218,-3.62755,0.09021,
241109800500,2.64582,-29.35690,-21.35490,0.15184,0.07636,0.98136,0.08973,-3.76999,-3.58181,0.09705,
241206529500,2.34232,-29.65222,-21.33398,0.14993,0.04983,0.98391,0.08348,-3.86269,-3.60476,0.10439,
241336336500,1.91906,-30.04128,-21.30871,0.14524,0.02197,0.98671,0.06945,-3.98353,-3.61536,0.09941,
241444018500,1.45772,-30.41803,-21.27876,0.13973,-0.00240,0.98850,0.05773,-4.11425,-3.55931,0.10779,
241514563500,1.04358,-30.41044,-21.25838,0.14623,-0.00978,0.98786,0.05158,-4.48913,-3.25356,0.10463,
241585744500,0.58190,-30.48546,-21.23565,0.14956,-0.02116,0.98767,0.04113,-4.79888,-2.96588,0.10206,
241690368500,0.31390,-30.86802,-21.20935,0.14615,-0.02734,0.98858,0.02453,-4.60919,-2.99210,0.09490,
241770611500,-0.07371,-30.95770,-21.18540,0.14686,-0.03398,0.98846,0.01519,-4.77011,-2.72654,0.09118,
241874394500,-0.43393,-31.20690,-21.15650,0.14052,-0.03177,0.98955,0.00552,-4.72091,-2.58610,0.08908,
241958583500,-0.79260,-31.17001,-21.13968,0.14487,-0.02939,0.98901,-0.00025,-4.89890,-2.26732,0.07919,
242062409500,-1.06922,-31.30957,-21.10977,0.13654,-0.02432,0.99029,-0.00995,-4.79460,-2.08749,0.09413,
242171435500,-1.46853,-31.69862,-21.08363,0.13194,-0.01862,0.99096,-0.01563,-4.65080,-2.05909,0.10513,
242241617500,-1.80190,-31.53655,-21.06465,0.13220,-0.01631,0.99084,-0.02200,-4.79019,-1.64396,0.10149,
242373759500,-2.24119,-32.03101,-21.03653,0.13098,-0.00745,0.99113,-0.02110,-4.60366,-1.69126,0.11274,
242440516500,-2.65750,-31.64302,-21.03249,0.13695,-0.00403,0.99020,-0.02705,-4.88834,-1.13363,0.07767,
242542030500,-3.29535,-31.31415,-21.01386,0.13229,0.00097,0.99048,-0.03803,-5.05067,-0.46270,0.04523,
242649329500,-3.59910,-31.05332,-20.99825,0.13176,0.00412,0.99023,-0.04556,-4.99569,-0.00112,0.01417,
242771400500,-3.85680,-31.26821,-20.96331,0.12503,0.00460,0.99105,-0.04647,-4.69850,0.09174,0.01728,
242815756500,-4.10487,-30.66004,-20.97346,0.12659,0.00529,0.99056,-0.05228,-4.82315,0.70763,-0.03286,
242924936500,-4.62908,-30.05511,-20.99461,0.12123,0.00402,0.99114,-0.05407,-4.84219,1.41822,-0.10316,
245046918500,2.43539,-29.21088,-21.25552,0.07367,0.07060,0.94637,-0.30656,0.04474,0.02263,0.00022,
247335050500,2.45469,-29.21937,-21.23717,-0.11458,0.06760,0.98926,0.06048,0.13584,-0.02232,-0.04582,
249599634500,2.48606,-29.21776,-21.24974,-0.03826,0.01708,0.95923,-0.27952,-0.00394,-0.00671,0.01328,
253314881500,2.50809,-29.22439,-21.24028,-0.03305,0.05266,0.99329,0.09755,0.07278,0.01365,0.00967,
255487730500,2.49202,-29.22063,-21.28592,-0.06137,0.05390,0.99662,-0.00889,0.18504,0.00283,-0.04244,
255575066500,2.47730,-29.20520,-21.34017,-0.06698,0.05587,0.99617,-0.00583,0.23650,0.00625,-0.09768,
255694519500,2.50096,-29.20096,-21.34628,-0.06526,0.05638,0.99602,-0.02271,0.27994,0.00665,-0.09665,
255772313500,2.52462,-29.20039,-21.35642,-0.06343,0.05794,0.99574,-0.03345,0.33115,0.00860,-0.10965,
255870628500,2.55516,-29.20178,-21.37762,-0.06693,0.05948,0.99508,-0.04235,0.37478,0.02213,-0.13395,
255991561500,2.61609,-29.20275,-21.38653,-0.07074,0.06269,0.99414,-0.05254,0.46761,0.03070,-0.14865,
256096586500,2.66415,-29.19644,-21.40332,-0.07318,0.06498,0.99309,-0.06478,0.52410,0.04359,-0.15204,
256145178500,2.68376,-29.19893,-21.40882,-0.07295,0.06625,0.99218,-0.07665,0.53703,0.03756,-0.15359,
256292590500,2.75477,-29.19646,-21.42851,-0.07661,0.07007,0.99054,-0.08977,0.59073,0.03551,-0.15451,
256363413500,2.80859,-29.19335,-21.45030,-0.08255,0.06817,0.98904,-0.10168,0.63499,0.03306,-0.14479,
256439905500,2.84737,-29.19784,-21.45893,-0.07890,0.07068,0.98782,-0.11401,0.65079,0.01876,-0.12871,
256539048500,2.92085,-29.19643,-21.47510,-0.09189,0.06717,0.98535,-0.12699,0.72893,-0.01429,-0.11771,
260565796500,2.57791,-29.22529,-21.25018,0.04415,0.06361,0.98457,-0.15695,-0.02559,-0.05063,-0.01231,
262560365500,2.50803,-29.22885,-21.26574,0.13267,-0.01795,0.97408,0.18235,0.02703,-0.00009,-0.00978,
263899623500,2.47588,-29.23113,-21.26172,0.01200,0.07752,0.99271,-0.09155,0.10346,0.00117,-0.04020,
263982057500,2.49286,-29.22938,-21.26352,-0.01356,0.07727,0.99215,-0.09735,0.13820,0.01600,-0.03720,
264050346500,2.49958,-29.22807,-21.26431,-0.03936,0.07572,0.99007,-0.11171,0.14675,0.02188,-0.03740,
264167011500,2.51491,-29.22071,-21.26649,-0.06385,0.07381,0.98649,-0.13155,0.17321,0.03785,-0.03856,
264270037500,2.53433,-29.21552,-21.26900,-0.07557,0.07087,0.98419,-0.14364,0.20995,0.05310,-0.04175,
264361844500,2.55871,-29.20990,-21.27337,-0.07811,0.06815,0.98331,-0.14952,0.24299,0.05025,-0.05474,
264451289500,2.57342,-29.20609,-21.27603,-0.08213,0.06772,0.98267,-0.15174,0.25933,0.04387,-0.05359,
264531219500,2.59760,-29.20253,-21.28059,-0.08648,0.06709,0.98149,-0.15717,0.31066,0.02464,-0.07136,
266257425500,2.41643,-29.22418,-21.24342,-0.01985,0.05797,0.99533,-0.07463,0.08128,0.02406,-0.04353,
266355231500,2.31000,-29.22129,-21.23486,-0.02924,0.05603,0.99290,-0.10079,-0.02285,-0.00750,-0.02919,
266458407500,2.23779,-29.20895,-21.22715,-0.04252,0.05546,0.99120,-0.11243,0.02083,-0.00718,-0.02779,
266537819500,2.21143,-29.20051,-21.22486,-0.04650,0.05589,0.98684,-0.14447,0.02924,0.00035,-0.03457,
267884075500,2.42837,-29.22534,-21.23008,-0.03931,0.10089,0.98210,-0.15412,0.11115,-0.07379,0.03487,
267986017500,2.40105,-29.23987,-21.20861,-0.06163,0.10044,0.98128,-0.15231,0.11416,-0.02529,-0.00868,
268050133500,2.40147,-29.24635,-21.19849,-0.07310,0.10109,0.98029,-0.15317,0.12597,-0.02252,-0.00521,
268179841500,2.37991,-29.23405,-21.16934,-0.08314,0.09858,0.97729,-0.16817,0.26802,0.05477,-0.04242,
276277551500,2.47499,-29.21127,-21.22508,0.17565,0.03796,0.95143,-0.25000,0.04922,0.10607,-0.01861,
277489891500,2.45468,-29.27267,-21.23360,-0.16156,0.02009,0.98132,0.10250,0.00460,-0.02938,-0.21824,
278641315500,2.38117,-29.23938,-21.25243,-0.03988,0.15111,0.97301,0.16978,-0.41944,0.04271,-0.02443,
279778840500,2.46300,-29.22858,-21.21070,-0.06659,0.19994,0.95757,0.19660,0.04270,0.02437,0.00340,
279867910500,2.50013,-29.21474,-21.21588,-0.09338,0.21384,0.95410,0.18772,0.14184,0.01255,0.01169,
279979850500,2.50843,-29.22447,-21.21524,-0.08900,0.22391,0.95587,0.16807,0.11888,-0.06554,0.02905,
280089865500,2.50709,-29.23899,-21.21072,-0.09434,0.23099,0.95710,0.14729,0.08871,-0.13082,0.06379,
280167543500,2.50155,-29.24682,-21.20659,-0.10245,0.23418,0.95671,0.13918,0.06728,-0.14238,0.07855,
280250331500,2.47453,-29.25825,-21.20322,-0.11629,0.24027,0.95215,0.14887,-0.00132,-0.15820,0.09702,
280390263500,2.47048,-29.29362,-21.18595,-0.15606,0.24356,0.94385,0.15960,0.00928,-0.21827,0.14778,
280439348500,2.46760,-29.31574,-21.18708,-0.15864,0.24451,0.94021,0.17623,0.01646,-0.28160,0.14051,
280542058500,2.47248,-29.37086,-21.16824,-0.16267,0.23160,0.94020,0.18954,0.03646,-0.40075,0.16088,
280646523500,2.52107,-29.42563,-21.17488,-0.14828,0.21180,0.94422,0.20396,0.16240,-0.50212,0.10385,
280719311500,2.52810,-29.43541,-21.16759,-0.14145,0.20301,0.94740,0.20300,0.17588,-0.49848,0.10187,
283206394500,2.40674,-29.22767,-21.19933,-0.08299,0.10645,0.99012,0.03789,-0.02286,-0.00830,-0.10651,
283326513500,2.40333,-29.26167,-21.19789,-0.14020,0.09030,0.98599,-0.00329,-0.06739,0.08419,-0.11211,
283406603500,2.39790,-29.25258,-21.20938,-0.11185,0.09347,0.98932,0.00054,-0.07316,0.11818,-0.14922,
283511840500,2.38964,-29.23800,-21.22875,-0.10178,0.09515,0.99024,-0.00198,-0.09561,0.14600,-0.20955,
283586424500,2.38621,-29.23159,-21.23947,-0.08626,0.09685,0.99155,-0.00378,-0.10697,0.15040,-0.24659,
283693065500,2.37666,-29.21865,-21.26557,-0.06428,0.10008,0.99290,-0.00241,-0.14364,0.16253,-0.34033,
283805245500,2.35582,-29.20077,-21.31540,-0.01667,0.10603,0.99421,0.00467,-0.24324,0.16644,-0.47533,
283869826500,2.34536,-29.20445,-21.33223,0.01665,0.10634,0.99418,-0.00381,-0.29571,0.13398,-0.51656,
283963083500,2.31251,-29.19699,-21.38763,0.07381,0.10612,0.99159,-0.00659,-0.44440,0.10927,-0.63481,
284067858500,2.27084,-29.19859,-21.45536,0.09922,0.09984,0.98984,-0.02036,-0.60802,0.05553,-0.74111,
284186283500,2.20718,-29.22070,-21.54422,0.08301,0.09115,0.99075,-0.05665,-0.74920,-0.04184,-0.84356,
285399593500,2.45223,-29.31545,-21.17054,0.10088,0.09619,0.96571,-0.21905,0.45449,-0.03504,0.11948,
287967300500,2.36643,-29.26199,-21.21757,0.00519,0.13841,0.97298,0.18476,-0.39473,0.08386,-0.00414,
290264250500,2.45794,-29.23827,-21.21329,-0.06666,0.06172,0.96475,0.24698,0.03981,-0.00413,-0.05545,
291985197500,2.48792,-29.27169,-21.23297,-0.08636,0.16550,0.98049,0.06151,-0.09579,-0.18110,-0.00940,
292085316500,2.47781,-29.29014,-21.23877,-0.10324,0.19245,0.97209,0.08565,-0.18422,-0.29526,0.02293,
294638864500,2.54952,-29.24984,-21.17699,-0.22695,0.05855,0.90697,0.34997,0.46581,-0.08868,0.01234,
296852856500,2.49192,-29.26930,-21.22525,-0.31857,-0.01472,0.92880,-0.18874,-0.14785,-0.05154,0.06994,
298921627500,2.42049,-29.21803,-21.31316,-0.31943,0.08685,0.93946,-0.08853,-0.02949,0.09482,-0.02550,
306170843500,2.50369,-29.24462,-21.16613,0.00394,0.22958,0.97173,-0.05498,-0.00565,-0.05690,0.03872,
309131588500,2.51563,-29.25295,-21.23391,0.06958,0.07142,0.99479,-0.02126,0.06911,0.03878,-0.10583,
309212836500,2.52200,-29.25494,-21.24338,0.05384,0.06879,0.99618,-0.00026,0.06523,0.05255,-0.11001,
309313416500,2.53266,-29.24452,-21.26128,0.04987,0.06315,0.99670,0.01033,0.08073,0.12253,-0.11855,
309415881500,2.53889,-29.23380,-21.27178,0.05309,0.06011,0.99661,0.01809,0.06739,0.16584,-0.10590,
309482533500,2.54309,-29.22086,-21.28092,0.05288,0.05628,0.99657,0.02969,0.04426,0.19724,-0.08536,
309579854500,2.54527,-29.19896,-21.29143,0.05634,0.05006,0.99595,0.04912,0.00649,0.23179,-0.05703,
309687319500,2.53739,-29.17778,-21.29901,0.07498,0.04878,0.99360,0.06895,-0.08471,0.24983,-0.03644,
309799914500,2.51206,-29.16363,-21.30652,0.08543,0.05223,0.99135,0.08482,-0.25619,0.25273,-0.00168,
309883430500,2.47896,-29.17500,-21.31198,0.05073,0.06829,0.98991,0.11328,-0.39582,0.21299,0.04736,
309974282500,2.45198,-29.18215,-21.31252,0.00977,0.06255,0.99471,0.08094,-0.48552,0.19576,0.08298,
310051090500,2.41714,-29.19858,-21.28707,-0.02803,0.04620,0.99776,0.03948,-0.57244,0.19764,0.12610,
310164573500,2.35424,-29.17477,-21.27903,-0.03915,0.03712,0.99689,0.05744,-0.69665,0.23739,0.09010,
310244407500,2.30918,-29.15893,-21.27730,-0.03836,0.03383,0.99620,0.07050,-0.78509,0.24403,0.05662,
310350288500,2.18530,-29.13662,-21.27852,-0.02649,0.02477,0.99411,0.10212,-1.00565,0.19587,-0.00541,
310469464500,2.06972,-29.10276,-21.28189,-0.01712,0.00665,0.99419,0.10603,-1.17034,0.17497,-0.04603,
310546414500,1.96286,-29.08482,-21.28649,-0.01441,-0.00363,0.99420,0.10651,-1.30599,0.11694,-0.06082,
310654037500,1.81810,-29.07405,-21.29356,-0.02232,-0.01288,0.99423,0.10415,-1.44341,0.00924,-0.06519,
310770244500,1.67036,-29.07714,-21.29858,-0.02685,-0.01394,0.99412,0.10402,-1.54050,-0.09086,-0.05860,
310818900500,1.61161,-29.08380,-21.30118,-0.02721,-0.01875,0.99374,0.10670,-1.58878,-0.14112,-0.05878,
310913809500,1.45236,-29.11693,-21.30833,-0.03821,-0.01500,0.99334,0.10763,-1.67356,-0.26165,-0.07471,
311010531500,1.26227,-29.15444,-21.31854,-0.04276,-0.00711,0.99319,0.10819,-1.78768,-0.38067,-0.09844,
311109822500,1.16488,-29.18590,-21.32453,-0.04925,-0.00177,0.99282,0.10900,-1.80609,-0.46132,-0.10350,
311220910500,0.88769,-29.25188,-21.33992,-0.03883,0.01599,0.99307,0.10978,-1.97562,-0.58131,-0.10678,
311319822500,0.70056,-29.34509,-21.35277,-0.03936,0.02738,0.99111,0.12409,-2.01022,-0.74420,-0.14246,
311407028500,0.59749,-29.38300,-21.35910,-0.04139,0.03159,0.99051,0.12717,-2.04898,-0.80259,-0.16867,
311503307500,0.34182,-29.50242,-21.38552,-0.06714,0.03242,0.99113,0.10997,-2.10581,-0.97641,-0.23228,
311583068500,0.22469,-29.57614,-21.40042,-0.08797,0.03169,0.99085,0.09738,-2.08805,-1.05594,-0.23764,
311705504500,-0.06832,-29.73746,-21.43757,-0.11711,0.03060,0.98855,0.09005,-2.08524,-1.17529,-0.27170,
311783134500,-0.24555,-29.86118,-21.46904,-0.13608,0.03069,0.98624,0.08868,-2.09589,-1.26851,-0.31157,
311891510500,-0.48341,-30.03345,-21.51505,-0.15593,0.02727,0.98307,0.09227,-2.03175,-1.37069,-0.36263,
311992377500,-0.69263,-30.20297,-21.55957,-0.16981,0.02479,0.98106,0.08981,-1.94252,-1.47663,-0.37121,
312073627500,-0.73860,-30.26107,-21.57342,-0.17901,0.02330,0.97958,0.08850,-1.89322,-1.51385,-0.36387,
312147374500,-0.95333,-30.47841,-21.62028,-0.19933,0.01796,0.97592,0.08672,-1.67203,-1.62258,-0.31658,
312260302500,-1.09338,-30.71492,-21.66441,-0.21560,0.01875,0.97225,0.08886,-1.42292,-1.75485,-0.30405,
312357343500,-1.20623,-30.91485,-21.69470,-0.21224,0.02682,0.97246,0.09248,-1.26286,-1.85462,-0.27443,
312435848500,-1.28865,-31.06903,-21.71448,-0.20849,0.03568,0.97253,0.09718,-1.16101,-1.90557,-0.26377,
312560068500,-1.43263,-31.31629,-21.74545,-0.20082,0.05634,0.97225,0.10596,-1.05576,-2.00690,-0.26486,
312667535500,-1.50807,-31.49518,-21.77125,-0.18916,0.07332,0.97293,0.11068,-0.93676,-2.07263,-0.24922,
312741425500,-1.50093,-31.63876,-21.79141,-0.18292,0.08567,0.97237,0.11705,-0.82796,-2.14685,-0.23974,
312825336500,-1.48736,-31.87353,-21.81794,-0.15820,0.10575,0.97461,0.11799,-0.67675,-2.27434,-0.19334,
312916530500,-1.45589,-32.07015,-21.83285,-0.13696,0.11842,0.97683,0.11411,-0.58019,-2.38169,-0.14849,
313044061500,-1.43769,-32.36417,-21.84834,-0.10701,0.13059,0.97965,0.10857,-0.51310,-2.53803,0.00883,
313121267500,-1.44558,-32.65696,-21.84037,-0.13635,0.12271,0.97785,0.10082,-0.51260,-2.70019,0.12290,
313221613500,-1.41758,-32.89599,-21.83391,-0.16148,0.11382,0.97432,0.10805,-0.45568,-2.76419,0.10122,
313329512500,-1.41156,-33.20869,-21.82539,-0.15991,0.11110,0.97359,0.11920,-0.39119,-2.81670,0.03406,
313406796500,-1.47735,-33.36576,-21.81588,-0.12861,0.11216,0.97826,0.11783,-0.47852,-2.82601,0.02704,
313508975500,-1.50185,-33.58014,-21.81362,-0.10230,0.11508,0.98217,0.10785,-0.52726,-2.86409,0.06009,
313589893500,-1.52117,-33.86775,-21.80458,-0.08677,0.11757,0.98457,0.09627,-0.59854,-2.94630,0.10435,
313669414500,-1.55111,-34.09202,-21.79826,-0.09215,0.11794,0.98384,0.09828,-0.67281,-3.01828,0.10392,
313772432500,-1.58847,-34.36993,-21.78923,-0.11349,0.11865,0.98198,0.09353,-0.73523,-3.10716,0.12098,
313859336500,-1.60662,-34.66588,-21.77945,-0.13429,0.12171,0.97980,0.08447,-0.72500,-3.17888,0.13987,
313967395500,-1.63636,-34.99656,-21.76429,-0.14742,0.12215,0.97865,0.07478,-0.69671,-3.20459,0.16505,
314068059500,1.38035,-31.49727,-25.62377,-0.15452,0.10474,0.98011,0.06740,-0.55690,-3.23939,0.17326,
314149553500,1.34562,-31.89002,-25.60518,-0.16098,0.10974,0.97820,0.07184,-0.47586,-3.30200,0.19873,
314269537500,1.36905,-32.27937,-25.58942,-0.17052,0.10587,0.97631,0.08087,-0.31077,-3.40225,0.24345,
314344312500,1.35831,-32.55042,-25.57355,-0.17139,0.10825,0.97538,0.08682,-0.25807,-3.46333,0.27335,
314443857500,1.42446,-32.83654,-25.55085,-0.15826,0.11593,0.97521,0.10241,-0.13192,-3.55294,0.30250,
314541021500,1.48087,-33.13828,-25.52490,-0.12570,0.12801,0.97603,0.12322,-0.07812,-3.64776,0.35436,
314621605500,1.53144,-33.36593,-25.50016,-0.10360,0.13970,0.97550,0.13472,-0.05848,-3.70025,0.39585,
314740880500,1.55434,-33.83939,-25.44166,-0.07142,0.14861,0.97674,0.13711,-0.19066,-3.81158,0.42206,
314811877500,1.55978,-34.08646,-25.40923,-0.06609,0.14769,0.97660,0.14165,-0.27534,-3.89081,0.42413,
314914353500,2.59140,-34.08505,-26.67182,-0.07592,0.11890,0.97898,0.14733,-0.12515,-3.98493,0.41139,
314914353500,5.07450,-33.24555,-26.43108,-0.07600,0.11840,0.97904,0.14729,-0.12114,-3.98506,0.41139,
315035800500,2.58769,-34.64787,-26.61298,-0.10317,0.11707,0.97537,0.15593,-0.27130,-4.18702,0.36851,
315109606500,2.56665,-34.91848,-26.58467,-0.10554,0.11884,0.97571,0.15077,-0.34094,-4.24843,0.35822,
315235593500,2.52454,-35.32633,-26.52884,-0.10342,0.12208,0.97659,0.14381,-0.43534,-4.33231,0.36192,
315294914500,2.45178,-35.59161,-26.49290,-0.09514,0.12464,0.97729,0.14252,-0.56209,-4.37202,0.38506,
315417020500,2.32124,-36.03393,-26.44083,-0.08201,0.12259,0.97897,0.14095,-0.77256,-4.45302,0.39608,
315489591500,2.24380,-36.35592,-26.40401,-0.07536,0.12342,0.97964,0.13928,-0.88658,-4.52890,0.40126,
315592533500,2.12557,-36.77629,-26.36131,-0.06984,0.11975,0.98046,0.13960,-1.05811,-4.61240,0.38779,
315672587500,2.01181,-37.13925,-26.32880,-0.06173,0.11815,0.98085,0.14203,-1.21361,-4.68361,0.38424,
315773534500,1.88202,-37.54325,-26.29184,-0.04118,0.11798,0.98158,0.14455,-1.39055,-4.75527,0.39920,
315898596500,1.67168,-38.11783,-26.23169,-0.00222,0.12092,0.98042,0.15541,-1.73199,-4.91289,0.39501,
315977333500,1.57704,-38.51219,-26.20969,0.00364,0.11705,0.98111,0.15396,-1.90519,-5.01534,0.39180,
316085094500,1.43023,-39.04620,-26.18363,-0.01750,0.11045,0.98253,0.14876,-2.12461,-5.13705,0.35806,
316163069500,1.34592,-39.32171,-26.17120,-0.03149,0.10721,0.98302,0.14555,-2.21279,-5.18219,0.33104,
316241615500,1.19005,-39.77744,-26.14076,-0.05195,0.09942,0.98402,0.13827,-2.34918,-5.27216,0.29875,
316338163500,1.02014,-40.29103,-26.10017,-0.05860,0.09465,0.98563,0.12706,-2.45367,-5.29399,0.26310,
316439850500,0.82515,-40.64799,-26.06865,-0.05254,0.09542,0.98577,0.12803,-2.60070,-5.28996,0.24709,
316561627500,0.42495,-41.28807,-26.02442,-0.04732,0.09526,0.98605,0.12802,-2.89195,-5.31823,0.22230,
316621034500,0.24636,-41.54016,-26.00844,-0.05399,0.09998,0.98541,0.12669,-3.00081,-5.33695,0.21123,
316723523500,-0.07811,-42.04573,-25.97290,-0.06470,0.09852,0.98546,0.12233,-3.16445,-5.35046,0.19152,
316866903500,-0.54160,-42.76366,-25.93458,-0.07287,0.08340,0.98730,0.11387,-3.35713,-5.38679,0.17949,
316912816500,-0.70674,-42.99664,-25.92776,-0.07648,0.07505,0.98868,0.10503,-3.41779,-5.36365,0.17044,
317010898500,-1.04186,-43.50899,-25.91684,-0.08515,0.05719,0.98936,0.10315,-3.53693,-5.38924,0.15366,
317110047500,-1.35718,-44.00491,-25.91116,-0.08394,0.03125,0.99019,0.10723,-3.65963,-5.45627,0.13413,
317200556500,-1.61530,-44.36325,-25.90043,-0.08320,0.02064,0.99113,0.10156,-3.74125,-5.47453,0.13637,
317306285500,-2.11582,-45.03893,-25.87294,-0.08315,0.01859,0.99138,0.09957,-3.86677,-5.54318,0.13719,
317424037500,-2.57676,-45.68171,-25.85586,-0.07653,0.00556,0.99175,0.10271,-4.01524,-5.63672,0.10999,
317534784500,-2.99782,-46.25819,-25.84665,-0.07322,-0.00643,0.99172,0.10534,-4.17114,-5.71892,0.06899,
317580839500,-3.20028,-46.51275,-25.84370,-0.06589,-0.01345,0.99223,0.10468,-4.26484,-5.75642,0.04852,
317684034500,-3.60628,-47.06562,-25.83582,-0.07609,-0.01110,0.99152,0.10477,-4.33287,-5.83385,0.02129,
317788174500,-4.06885,-47.67642,-25.83227,-0.07481,-0.01604,0.99174,0.10296,-4.45442,-5.92563,-0.02351,
317898118500,-4.56083,-48.30708,-25.83263,-0.07083,-0.01690,0.99242,0.09899,-4.58732,-6.00413,-0.04546,
317970631500,-4.84470,-48.65003,-25.83581,-0.06131,-0.02082,0.99307,0.09810,-4.70179,-6.05250,-0.06626,
318082822500,-5.40913,-49.34321,-25.84268,-0.04682,-0.01754,0.99294,0.10761,-4.87307,-6.12674,-0.09818,
318200423500,-6.01247,-50.07356,-25.85493,-0.04152,-0.01258,0.99275,0.11212,-5.09220,-6.26173,-0.16077,
318244029500,-6.21517,-50.28131,-25.86041,-0.03095,-0.01648,0.99289,0.11377,-5.22811,-6.31872,-0.19681,
318343050500,-6.73752,-50.84737,-25.87901,-0.03459,-0.01526,0.99355,0.10688,-5.42721,-6.39935,-0.23257,
318450275500,-7.28970,-51.47616,-25.90398,-0.04474,-0.01103,0.99387,0.10051,-5.55881,-6.48053,-0.25931,
318528232500,-7.70734,-51.94315,-25.92280,-0.05130,-0.01030,0.99432,0.09269,-5.66834,-6.52585,-0.28321,
318631815500,-8.42242,-52.73125,-25.95669,-0.05709,-0.00878,0.99501,0.08134,-5.81612,-6.54044,-0.32045,
318725533500,-8.86830,-53.21122,-25.98075,-0.05464,-0.00482,0.99434,0.09102,-5.91836,-6.59723,-0.36340,
318814325500,-9.44842,-53.84335,-26.01853,-0.05126,0.00411,0.99406,0.09588,-6.03045,-6.64200,-0.39782,
318921625500,-10.16213,-54.60144,-26.06369,-0.05935,-0.00193,0.99496,0.08084,-6.18816,-6.71192,-0.40974,
319019317500,-10.70004,-55.16235,-26.09816,-0.06464,-0.00184,0.99534,0.07153,-6.30504,-6.75600,-0.43200,
319123012500,-11.42474,-55.92377,-26.14258,-0.07663,-0.00000,0.99538,0.05778,-6.36457,-6.75544,-0.42912,
319123012500,-9.01638,-54.07720,-26.49506,-0.07573,0.01547,0.99526,0.05897,-6.57154,-6.55428,-0.42912,
319198411500,-9.46463,-54.52648,-26.51884,-0.06808,0.01169,0.99567,0.06226,-6.61704,-6.51294,-0.43170,
319317647500,-10.23167,-55.26334,-26.56367,-0.05711,0.00449,0.99586,0.07058,-6.75741,-6.49418,-0.43842,
319393511500,-10.68486,-55.67335,-26.59058,-0.06038,0.00617,0.99556,0.07200,-6.83175,-6.50709,-0.44143,
319500313500,-11.42629,-56.33144,-26.63344,-0.06696,0.00506,0.99592,0.06022,-6.96568,-6.48934,-0.43457,
319580379500,-11.94740,-56.91777,-26.66616,-0.06932,0.00859,0.99545,0.06480,-6.97058,-6.53653,-0.42918,
319685303500,-12.61786,-57.46293,-26.70093,-0.05656,0.01531,0.99525,0.07772,-7.09693,-6.53745,-0.41572,
319789410500,-13.46685,-58.20137,-26.74805,-0.05646,0.02020,0.99503,0.07953,-7.25425,-6.57491,-0.42699,
319867322500,-13.62636,-58.32183,-26.75531,-0.05676,0.02333,0.99480,0.08130,-7.30187,-6.59713,-0.43161,
319985418500,-14.90438,-59.45808,-26.82623,-0.07739,0.02769,0.99467,0.06232,-7.47764,-6.61477,-0.39218,
320090355500,-15.31707,-59.80748,-26.84787,-0.07264,0.02878,0.99481,0.06515,-7.52418,-6.58966,-0.38697,
320169776500,-16.31000,-60.68769,-26.90060,-0.06072,0.03775,0.99425,0.07977,-7.67458,-6.60752,-0.41007,
320243884500,-16.74489,-61.03133,-26.92228,-0.06265,0.03133,0.99468,0.07549,-7.78575,-6.58530,-0.42514,
320366303500,-17.86142,-61.96671,-26.98501,-0.08014,0.03808,0.99322,0.07513,-7.91694,-6.60838,-0.45288,
320450331500,-18.53672,-62.49675,-27.02181,-0.08279,0.03846,0.99313,0.07318,-8.00878,-6.60302,-0.45897,
320527293500,-19.15374,-62.99912,-27.05582,-0.07722,0.04403,0.99342,0.07220,-8.09122,-6.62604,-0.44207,
320649383500,-19.97392,-63.53901,-27.09619,-0.07032,0.04445,0.99439,0.06537,-8.22279,-6.53971,-0.42410,
320727070500,-20.86106,-64.12161,-27.13814,-0.06432,0.05243,0.99444,0.06490,-8.39517,-6.48425,-0.40458,
320860047500,-21.68909,-64.68347,-27.17595,-0.06092,0.05748,0.99380,0.07307,-8.52926,-6.42844,-0.39288,
320923566500,-22.57124,-65.27133,-27.21516,-0.05371,0.06108,0.99321,0.08319,-8.69472,-6.40283,-0.39910,
321026906500,-23.41907,-65.74068,-27.25078,-0.05346,0.05756,0.99375,0.07930,-8.87236,-6.33583,-0.39707,
321135762500,-24.61691,-66.42751,-27.29628,-0.06308,0.05642,0.99482,0.05638,-9.06568,-6.23548,-0.36623,
321212223500,-25.29968,-66.79000,-27.31776,-0.06693,0.05540,0.99486,0.05197,-9.15630,-6.15254,-0.34330,
321310459500,-26.26570,-67.31730,-27.34990,-0.05509,0.05339,0.99553,0.05506,-9.31621,-6.04920,-0.32316,
321431546500,-27.00280,-67.72266,-27.37451,-0.06066,0.04872,0.99582,0.04793,-9.42042,-5.96119,-0.32253,
321550047500,-28.55979,-68.57436,-27.42231,-0.06735,0.03999,0.99583,0.04677,-9.59811,-5.78206,-0.32400,
321593812500,-28.88821,-68.68861,-27.43305,-0.06826,0.03361,0.99620,0.04236,-9.64897,-5.70120,-0.32863,
321680053500,-29.91258,-69.12869,-27.46984,-0.06804,0.02686,0.99645,0.04158,-9.79843,-5.53458,-0.35369,
321805814500,-31.19297,-69.66302,-27.51840,-0.06076,0.02348,0.99694,0.04312,-9.98927,-5.37684,-0.37207,
321870533500,-31.91091,-69.84344,-27.54062,-0.06040,0.02489,0.99681,0.04587,-10.18389,-5.26270,-0.38629,
321987809500,-33.15536,-70.31549,-27.58708,-0.07390,0.02273,0.99606,0.04338,-10.38378,-5.14295,-0.39839,
322094065500,-34.23115,-70.67030,-27.62611,-0.09249,0.02107,0.99506,0.02923,-10.48360,-4.96708,-0.38496,
322170300500,-35.02021,-70.87733,-27.65467,-0.09550,0.02242,0.99475,0.02909,-10.58025,-4.81374,-0.37053,
322241777500,-35.77698,-71.14630,-27.68058,-0.09078,0.02629,0.99484,0.03689,-10.67451,-4.73685,-0.34993,
322363786500,-37.20168,-71.66580,-27.73282,-0.08779,0.02993,0.99472,0.04394,-10.83056,-4.58790,-0.35617,
322463793500,-38.29947,-71.99930,-27.77122,-0.08524,0.03683,0.99454,0.04759,-10.96101,-4.45587,-0.36356,
322539550500,-38.86727,-72.33930,-27.79715,-0.08544,0.04576,0.99381,0.05428,-11.00370,-4.50494,-0.38329,
322643281500,-39.82977,-72.81004,-27.83731,-0.08208,0.05936,0.99319,0.05753,-11.06256,-4.49896,-0.39244,
322763562500,-41.13208,-73.41809,-27.90754,-0.07369,0.07518,0.99226,0.06587,-11.12446,-4.44295,-0.41190,
322846375500,-41.85303,-73.66301,-27.93039,-0.06624,0.08192,0.99177,0.07282,-11.21550,-4.38294,-0.40318,
322913388500,-42.90765,-73.85106,-27.97278,-0.05984,0.09497,0.99048,0.07973,-11.38719,-4.19549,-0.39319,
323015439500,-43.99391,-74.05897,-28.00626,-0.04612,0.10755,0.98929,0.08728,-11.59341,-4.05436,-0.37820,
323135787500,-45.37774,-74.29869,-28.05886,-0.03264,0.12010,0.98782,0.09344,-11.90317,-3.88383,-0.37977,
323210268500,-46.30936,-74.35783,-28.10056,-0.02659,0.12781,0.98724,0.09116,-12.12378,-3.66385,-0.37438,
323319511500,-47.83955,-74.39979,-28.16974,-0.01369,0.13769,0.98690,0.08295,-12.47068,-3.26450,-0.36328,
323391428500,-48.66302,-74.36328,-28.20490,0.00340,0.14236,0.98650,0.08090,-12.69825,-3.03879,-0.36011,
329010787500,-33.97537,-70.02961,-27.66062,-0.19798,0.02760,0.91561,0.34885,0.01813,-0.11662,0.06584,
331961989500,-33.85758,-70.14815,-28.17098,-0.01560,-0.17102,0.95922,-0.22451,0.18697,-0.25950,-0.70438,
334657428500,-33.99718,-70.01790,-27.77158,-0.15897,0.06720,0.98465,0.02583,0.04529,0.03412,0.05378,
335793778500,-33.96385,-70.02151,-27.74597,-0.35083,0.12946,0.77884,0.50356,0.12958,0.06901,0.00837,
